ds,y
2004-07-01,2883
2004-07-02,1662
2004-07-03,5900
2004-07-04,791
2004-07-05,2009
2004-07-06,2357
2004-07-07,1316
2004-07-08,1149
2004-07-09,4085
2004-07-10,13914
2004-07-11,19088
2004-07-12,671
2004-07-13,1858
2004-07-14,2799
2004-07-15,402
2004-07-16,639
2004-07-17,3898
2004-07-18,17921
2004-07-19,3159
2004-07-20,3573
2004-07-21,4174
2004-07-22,3502
2004-07-23,3840
2004-07-24,8924
2004-07-25,7741
2004-07-26,6054
2004-07-27,6983
2004-07-28,6707
2004-07-29,5514
2004-07-30,4674
2004-07-31,8747
2004-08-01,12199
2004-08-02,11351
2004-08-03,11502
2004-08-04,9034
2004-08-05,8296
2004-08-06,7761
2004-08-07,12810
2004-08-08,13393
2004-08-09,6072
2004-08-10,4935
2004-08-11,4647
2004-08-12,4441
2004-08-13,4991
2004-08-14,11306
2004-08-15,19004
2004-08-16,7468
2004-08-17,5633
2004-08-18,3075
2004-08-19,3300
2004-08-20,10369
2004-08-21,21518
2004-08-22,19048
2004-08-23,8804
2004-08-24,8297
2004-08-25,7312
2004-08-26,4780
2004-08-27,6338
2004-08-28,19235
2004-08-29,25421
2004-08-30,6560
2004-08-31,4507
2004-09-01,3932
2004-09-02,3448
2004-09-03,4420
2004-09-04,15048
2004-09-05,26894
2004-09-06,3213
2004-09-07,694
2004-09-08,4431
2004-09-09,5143
2004-09-10,7623
2004-09-11,1215
2004-09-12,3156
2004-09-13,3742
2004-09-14,7616
2004-09-15,4115
2004-09-16,3218
2004-09-17,9412
2004-09-18,4705
2004-09-19,31351
2004-09-20,2662
2004-09-21,10136
2004-09-22,7877
2004-09-23,8355
2004-09-24,8403
2004-09-25,13749
2004-09-26,20509
2004-09-27,24133
2004-09-28,29785
2004-09-29,38386
2004-09-30,12620
2004-10-01,3770
2004-10-02,12646
2004-10-03,25995
2004-10-04,6221
2004-10-05,10946
2004-10-06,10288
2004-10-07,15267
2004-10-08,19929
2004-10-09,15095
2004-10-10,31277
2004-10-11,15702
2004-10-12,14723
2004-10-13,15534
2004-10-14,17799
2004-10-15,20944
2004-10-16,17821
2004-10-17,35280
2004-10-18,16627
2004-10-19,17236
2004-10-20,12691
2004-10-21,16417
2004-10-22,14994
2004-10-23,22808
2004-10-24,39270
2004-10-25,11815
2004-10-26,13196
2004-10-27,8703
2004-10-28,9271
2004-10-29,10915
2004-10-30,20182
2004-10-31,41423
2004-11-01,18792
2004-11-02,3827
2004-11-03,5879
2004-11-04,7079
2004-11-05,5997
2004-11-06,12870
2004-11-07,28496
2004-11-08,8504
2004-11-09,6941
2004-11-10,1814
2004-11-11,1984
2004-11-12,2528
2004-11-13,6040
2004-11-14,16057
2004-11-15,4120
2004-11-16,2764
2004-11-17,2814
2004-11-18,2492
2004-11-19,2975
2004-11-20,6420
2004-11-21,13391
2004-11-22,4272
2004-11-23,2542
2004-11-24,2240
2004-11-25,1998
2004-11-26,511
2004-11-27,3454
2004-11-28,9162
2004-11-29,3194
2004-11-30,2575
2004-12-01,2172
2004-12-02,1890
2004-12-03,2116
2004-12-04,448
2004-12-05,5096
2004-12-06,1051
2004-12-07,1047
2004-12-08,1329
2004-12-09,1469
2004-12-10,1411
2004-12-11,4011
2004-12-12,8514
2004-12-13,1426
2004-12-14,1459
2004-12-15,1896
2004-12-16,1363
2004-12-17,1369
2004-12-18,3030
2004-12-19,8537
2004-12-20,795
2004-12-21,682
2004-12-22,712
2004-12-23,586
2004-12-24,1227
2004-12-25,8675
2004-12-26,5830
2004-12-27,950
2004-12-28,1009
2004-12-29,1335
2004-12-30,1240
2004-12-31,1319
2005-01-01,6440
2005-01-02,6062
2005-01-03,858
2005-01-04,1200
2005-01-05,1603
2005-01-06,1783
2005-01-07,1940
2005-01-08,3004
2005-01-09,2362
2005-01-10,673
2005-01-11,1012
2005-01-12,1135
2005-01-13,1179
2005-01-14,1644
2005-01-15,3644
2005-01-16,5138
2005-01-17,1858
2005-01-18,1235
2005-01-19,1451
2005-01-20,841
2005-01-21,1063
2005-01-22,4397
2005-01-23,8837
2005-01-24,2974
2005-01-25,1736
2005-01-26,2216
2005-01-27,2204
2005-01-28,2266
2005-01-29,1882
2005-01-30,2717
2005-01-31,950
2005-02-01,323
2005-02-02,555
2005-02-03,847
2005-02-04,1143
2005-02-05,2879
2005-02-06,4560
2005-02-07,2229
2005-02-08,4486
2005-02-09,6073
2005-02-10,5655
2005-02-11,2505
2005-02-12,4426
2005-02-13,8490
2005-02-14,2621
2005-02-15,1104
2005-02-16,454
2005-02-17,2237
2005-02-18,1259
2005-02-19,2140
2005-02-20,2092
2005-02-21,925
2005-02-22,673
2005-02-23,1272
2005-02-24,1761
2005-02-25,1363
2005-02-26,2476
2005-02-27,6476
2005-02-28,4156
2005-03-01,19936
2005-03-02,4160
2005-03-03,1287
2005-03-04,1171
2005-03-05,3136
2005-03-06,11006
2005-03-07,2969
2005-03-08,1906
2005-03-09,2083
2005-03-10,630
2005-03-11,700
2005-03-12,1766
2005-03-13,4962
2005-03-14,2307
2005-03-15,2129
2005-03-16,2231
2005-03-17,1700
2005-03-18,1956
2005-03-19,13668
2005-03-20,32288
2005-03-21,7219
2005-03-22,2526
2005-03-23,3510
2005-03-24,1230
2005-03-25,1654
2005-03-26,22394
2005-03-27,39349
2005-03-28,7957
2005-03-29,4393
2005-03-30,4750
2005-03-31,4795
2005-04-01,6733
2005-04-02,20671
2005-04-03,22962
2005-04-04,17269
2005-04-05,74402
2005-04-06,10153
2005-04-07,4374
2005-04-08,7871
2005-04-09,7179
2005-04-10,23980
2005-04-11,14130
2005-04-12,20052
2005-04-13,12770
2005-04-14,13449
2005-04-15,14590
2005-04-16,43011
2005-04-17,67853
2005-04-18,20885
2005-04-19,24081
2005-04-20,10328
2005-04-21,11319
2005-04-22,26002
2005-04-23,52138
2005-04-24,65177
2005-04-25,25290
2005-04-26,25724
2005-04-27,17402
2005-04-28,23035
2005-04-29,25043
2005-04-30,25261
2005-05-01,27610
2005-05-02,16779
2005-05-03,18059
2005-05-04,20885
2005-05-05,60737
2005-05-06,10674
2005-05-07,20003
2005-05-08,19985
2005-05-09,10661
2005-05-10,22592
2005-05-11,9546
2005-05-12,18641
2005-05-13,22177
2005-05-14,23527
2005-05-15,37392
2005-05-16,14926
2005-05-17,13683
2005-05-18,5103
2005-05-19,18134
2005-05-20,19441
2005-05-21,26043
2005-05-22,27775
2005-05-23,35841
2005-05-24,15622
2005-05-25,14323
2005-05-26,14690
2005-05-27,16858
2005-05-28,43609
2005-05-29,45259
2005-05-30,41452
2005-05-31,12481
2005-06-01,8669
2005-06-02,4922
2005-06-03,12283
2005-06-04,24011
2005-06-05,59577
2005-06-06,60666
2005-06-07,15690
2005-06-08,8801
2005-06-09,13380
2005-06-10,2805
2005-06-11,21036
2005-06-12,30467
2005-06-13,9455
2005-06-14,10262
2005-06-15,4713
2005-06-16,7806
2005-06-17,11823
2005-06-18,17387
2005-06-19,27243
2005-06-20,8423
2005-06-21,8291
2005-06-22,5800
2005-06-23,6862
2005-06-24,8074
2005-06-25,19533
2005-06-26,17225
2005-06-27,2677
2005-06-28,3276
2005-06-29,1554
2005-06-30,3087
2005-07-01,702
2005-07-02,3466
2005-07-03,1397
2005-07-04,3141
2005-07-05,3641
2005-07-06,2905
2005-07-07,2758
2005-07-08,3477
2005-07-09,2406
2005-07-10,13994
2005-07-11,3016
2005-07-12,3190
2005-07-13,2914
2005-07-14,4704
2005-07-15,3350
2005-07-16,10051
2005-07-17,14711
2005-07-18,6522
2005-07-19,4426
2005-07-20,4079
2005-07-21,3441
2005-07-22,4235
2005-07-23,7927
2005-07-24,8326
2005-07-25,4452
2005-07-26,4158
2005-07-27,5045
2005-07-28,1852
2005-07-29,6903
2005-07-30,15077
2005-07-31,20588
2005-08-01,12809
2005-08-02,17200
2005-08-03,8239
2005-08-04,11111
2005-08-05,10059
2005-08-06,11236
2005-08-07,13603
2005-08-08,6357
2005-08-09,5329
2005-08-10,4520
2005-08-11,2975
2005-08-12,7376
2005-08-13,17783
2005-08-14,24876
2005-08-15,25850
2005-08-16,7749
2005-08-17,4790
2005-08-18,3801
2005-08-19,1777
2005-08-20,16511
2005-08-21,28839
2005-08-22,9380
2005-08-23,9238
2005-08-24,5915
2005-08-25,1356
2005-08-26,7350
2005-08-27,25089
2005-08-28,24827
2005-08-29,8207
2005-08-30,4829
2005-08-31,4952
2005-09-01,3934
2005-09-02,2620
2005-09-03,11546
2005-09-04,21885
2005-09-05,6785
2005-09-06,3167
2005-09-07,3427
2005-09-08,5637
2005-09-09,3444
2005-09-10,28720
2005-09-11,24557
2005-09-12,6781
2005-09-13,2511
2005-09-14,3936
2005-09-15,5906
2005-09-16,4271
2005-09-17,972
2005-09-18,20111
2005-09-19,30264
2005-09-20,14950
2005-09-21,2379
2005-09-22,2963
2005-09-23,12936
2005-09-24,25820
2005-09-25,33657
2005-09-26,10979
2005-09-27,12436
2005-09-28,11077
2005-09-29,14074
2005-09-30,3165
2005-10-01,5138
2005-10-02,39604
2005-10-03,45619
2005-10-04,14020
2005-10-05,11743
2005-10-06,19052
2005-10-07,6503
2005-10-08,15803
2005-10-09,31861
2005-10-10,13888
2005-10-11,20812
2005-10-12,15082
2005-10-13,23464
2005-10-14,13525
2005-10-15,19772
2005-10-16,33102
2005-10-17,14390
2005-10-18,15515
2005-10-19,12809
2005-10-20,11415
2005-10-21,12930
2005-10-22,23253
2005-10-23,28276
2005-10-24,11365
2005-10-25,11018
2005-10-26,8209
2005-10-27,14076
2005-10-28,7088
2005-10-29,14790
2005-10-30,20809
2005-10-31,11092
2005-11-01,8432
2005-11-02,8633
2005-11-03,8291
2005-11-04,9750
2005-11-05,19339
2005-11-06,19789
2005-11-07,7976
2005-11-08,5461
2005-11-09,4475
2005-11-10,4126
2005-11-11,5149
2005-11-12,12504
2005-11-13,17418
2005-11-14,5212
2005-11-15,1808
2005-11-16,1897
2005-11-17,1884
2005-11-18,1659
2005-11-19,3884
2005-11-20,8372
2005-11-21,2848
2005-11-22,1357
2005-11-23,1857
2005-11-24,1652
2005-11-25,2053
2005-11-26,7970
2005-11-27,9370
2005-11-28,3330
2005-11-29,1179
2005-11-30,1589
2005-12-01,1021
2005-12-02,1315
2005-12-03,1746
2005-12-04,1630
2005-12-05,941
2005-12-06,552
2005-12-07,774
2005-12-08,736
2005-12-09,851
2005-12-10,1498
2005-12-11,1820
2005-12-12,520
2005-12-13,393
2005-12-14,536
2005-12-15,578
2005-12-16,809
2005-12-17,736
2005-12-18,1391
2005-12-19,572
2005-12-20,967
2005-12-21,476
2005-12-22,363
2005-12-23,549
2005-12-24,2112
2005-12-25,3325
2005-12-26,1131
2005-12-27,786
2005-12-28,999
2005-12-29,1282
2005-12-30,1008
2005-12-31,2960
2006-01-01,2997
2006-01-02,2493
2006-01-03,1838
2006-01-04,1089
2006-01-05,989
2006-01-06,975
2006-01-07,1517
2006-01-08,3362
2006-01-09,1757
2006-01-10,1640
2006-01-11,1528
2006-01-12,1674
2006-01-13,593
2006-01-14,4720
2006-01-15,9229
2006-01-16,3666
2006-01-17,2070
2006-01-18,2048
2006-01-19,2168
2006-01-20,2174
2006-01-21,5225
2006-01-22,5521
2006-01-23,1139
2006-01-24,1157
2006-01-25,1336
2006-01-26,1224
2006-01-27,1370
2006-01-28,3465
2006-01-29,5376
2006-01-30,10917
2006-01-31,5050
2006-02-01,2402
2006-02-02,1387
2006-02-03,762
2006-02-04,1026
2006-02-05,2765
2006-02-06,1612
2006-02-07,750
2006-02-08,624
2006-02-09,846
2006-02-10,968
2006-02-11,3753
2006-02-12,6987
2006-02-13,2506
2006-02-14,954
2006-02-15,1352
2006-02-16,1811
2006-02-17,789
2006-02-18,4094
2006-02-19,13067
2006-02-20,5581
2006-02-21,4176
2006-02-22,2587
2006-02-23,3301
2006-02-24,3833
2006-02-25,12886
2006-02-26,11523
2006-02-27,3639
2006-02-28,1586
2006-03-01,8256
2006-03-02,2253
2006-03-03,975
2006-03-04,6050
2006-03-05,14667
2006-03-06,5816
2006-03-07,2757
2006-03-08,2641
2006-03-09,2503
2006-03-10,2429
2006-03-11,3525
2006-03-12,3704
2006-03-13,756
2006-03-14,1103
2006-03-15,2262
2006-03-16,706
2006-03-17,2561
2006-03-18,10029
2006-03-19,12295
2006-03-20,4608
2006-03-21,3875
2006-03-22,3662
2006-03-23,2885
2006-03-24,3403
2006-03-25,24105
2006-03-26,39757
2006-03-27,9929
2006-03-28,2249
2006-03-29,1742
2006-03-30,2414
2006-03-31,5208
2006-04-01,3110
2006-04-02,8627
2006-04-03,8926
2006-04-04,4027
2006-04-05,10670
2006-04-06,9316
2006-04-07,6227
2006-04-08,21664
2006-04-09,32570
2006-04-10,10449
2006-04-11,12921
2006-04-12,20079
2006-04-13,11443
2006-04-14,20473
2006-04-15,38758
2006-04-16,52782
2006-04-17,20758
2006-04-18,18160
2006-04-19,5934
2006-04-20,14398
2006-04-21,25278
2006-04-22,38120
2006-04-23,20630
2006-04-24,46153
2006-04-25,24146
2006-04-26,20527
2006-04-27,25146
2006-04-28,28200
2006-04-29,26645
2006-04-30,31640
2006-05-01,33030
2006-05-02,21353
2006-05-03,13258
2006-05-04,22369
2006-05-05,58582
2006-05-06,7817
2006-05-07,42281
2006-05-08,14691
2006-05-09,17640
2006-05-10,8760
2006-05-11,21465
2006-05-12,24372
2006-05-13,32855
2006-05-14,77205
2006-05-15,24124
2006-05-16,16928
2006-05-17,11835
2006-05-18,17367
2006-05-19,16809
2006-05-20,27522
2006-05-21,45794
2006-05-22,11855
2006-05-23,13360
2006-05-24,12377
2006-05-25,14973
2006-05-26,13168
2006-05-27,6940
2006-05-28,49149
2006-05-29,8009
2006-05-30,15631
2006-05-31,55774
2006-06-01,8713
2006-06-02,9497
2006-06-03,24320
2006-06-04,43614
2006-06-05,16629
2006-06-06,60571
2006-06-07,7153
2006-06-08,7331
2006-06-09,12124
2006-06-10,5019
2006-06-11,20673
2006-06-12,8028
2006-06-13,7778
2006-06-14,3366
2006-06-15,6335
2006-06-16,10715
2006-06-17,22878
2006-06-18,31925
2006-06-19,5194
2006-06-20,8435
2006-06-21,1770
2006-06-22,6273
2006-06-23,8062
2006-06-24,18719
2006-06-25,29920
2006-06-26,2389
2006-06-27,3387
2006-06-28,5723
2006-06-29,4628
2006-06-30,1624
2006-07-01,7621
2006-07-02,22268
2006-07-03,4604
2006-07-04,774
2006-07-05,3252
2006-07-06,4123
2006-07-07,4322
2006-07-08,23950
2006-07-09,19862
2006-07-10,670
2006-07-11,3134
2006-07-12,987
2006-07-13,1703
2006-07-14,2339
2006-07-15,2582
2006-07-16,381
2006-07-17,4846
2006-07-18,621
2006-07-19,2774
2006-07-20,3990
2006-07-21,4966
2006-07-22,21607
2006-07-23,28312
2006-07-24,7907
2006-07-25,10016
2006-07-26,2862
2006-07-27,573
2006-07-28,804
2006-07-29,10621
2006-07-30,28799
2006-07-31,18546
2006-08-01,17475
2006-08-02,13714
2006-08-03,10275
2006-08-04,9682
2006-08-05,13227
2006-08-06,14442
2006-08-07,4928
2006-08-08,4915
2006-08-09,4587
2006-08-10,4654
2006-08-11,6887
2006-08-12,17550
2006-08-13,16713
2006-08-14,7605
2006-08-15,19037
2006-08-16,3634
2006-08-17,6399
2006-08-18,7276
2006-08-19,22980
2006-08-20,31873
2006-08-21,6538
2006-08-22,6066
2006-08-23,5401
2006-08-24,5789
2006-08-25,4979
2006-08-26,17183
2006-08-27,10110
2006-08-28,4195
2006-08-29,4255
2006-08-30,5504
2006-08-31,4635
2006-09-01,5151
2006-09-02,22540
2006-09-03,34131
2006-09-04,3679
2006-09-05,6099
2006-09-06,6928
2006-09-07,6007
2006-09-08,6329
2006-09-09,7648
2006-09-10,42065
2006-09-11,5875
2006-09-12,7628
2006-09-13,6781
2006-09-14,7689
2006-09-15,6654
2006-09-16,23466
2006-09-17,21943
2006-09-18,7413
2006-09-19,7129
2006-09-20,7711
2006-09-21,8707
2006-09-22,14964
2006-09-23,34673
2006-09-24,38697
2006-09-25,6034
2006-09-26,8479
2006-09-27,9249
2006-09-28,8567
2006-09-29,14017
2006-09-30,19630
2006-10-01,32784
2006-10-02,16029
2006-10-03,41819
2006-10-04,22188
2006-10-05,21582
2006-10-06,33435
2006-10-07,49513
2006-10-08,29098
2006-10-09,7644
2006-10-10,9212
2006-10-11,11929
2006-10-12,15879
2006-10-13,24674
2006-10-14,32126
2006-10-15,37478
2006-10-16,9724
2006-10-17,13380
2006-10-18,11756
2006-10-19,16673
2006-10-20,14674
2006-10-21,27483
2006-10-22,10016
2006-10-23,6511
2006-10-24,14922
2006-10-25,10453
2006-10-26,11698
2006-10-27,18556
2006-10-28,31520
2006-10-29,40482
2006-10-30,7351
2006-10-31,9186
2006-11-01,10335
2006-11-02,9571
2006-11-03,11543
2006-11-04,20367
2006-11-05,26068
2006-11-06,1993
2006-11-07,1938
2006-11-08,3005
2006-11-09,4119
2006-11-10,4826
2006-11-11,14314
2006-11-12,15105
2006-11-13,2666
2006-11-14,1735
2006-11-15,1269
2006-11-16,1708
2006-11-17,2354
2006-11-18,8438
2006-11-19,14562
2006-11-20,2257
2006-11-21,1910
2006-11-22,2849
2006-11-23,1949
2006-11-24,2620
2006-11-25,11798
2006-11-26,11122
2006-11-27,348
2006-11-28,1047
2006-11-29,2035
2006-11-30,859
2006-12-01,1263
2006-12-02,1943
2006-12-03,3777
2006-12-04,790
2006-12-05,994
2006-12-06,1263
2006-12-07,807
2006-12-08,998
2006-12-09,2614
2006-12-10,4581
2006-12-11,1183
2006-12-12,1191
2006-12-13,1280
2006-12-14,1266
2006-12-15,807
2006-12-16,2385
2006-12-17,2095
2006-12-18,886
2006-12-19,985
2006-12-20,1970
2006-12-21,1496
2006-12-22,1161
2006-12-23,4616
2006-12-24,13225
2006-12-25,16442
2006-12-26,2184
2006-12-27,1306
2006-12-28,601
2006-12-29,449
2006-12-30,2359
2006-12-31,7966
2007-01-01,10203
2007-01-02,1684
2007-01-03,2628
2007-01-04,3387
2007-01-05,2545
2007-01-06,1293
2007-01-07,2990
2007-01-08,1247
2007-01-09,1563
2007-01-10,2026
2007-01-11,2014
2007-01-12,1907
2007-01-13,2983
2007-01-14,6107
2007-01-15,2130
2007-01-16,2380
2007-01-17,2342
2007-01-18,2426
2007-01-19,2558
2007-01-20,7484
2007-01-21,10972
2007-01-22,2722
2007-01-23,2644
2007-01-24,2729
2007-01-25,2607
2007-01-26,1493
2007-01-27,3667
2007-01-28,7982
2007-01-29,2071
2007-01-30,1480
2007-01-31,1246
2007-02-01,822
2007-02-02,962
2007-02-03,3321
2007-02-04,13556
2007-02-05,1970
2007-02-06,2569
2007-02-07,3102
2007-02-08,638
2007-02-09,1743
2007-02-10,6978
2007-02-11,10150
2007-02-12,1901
2007-02-13,1130
2007-02-14,762
2007-02-15,992
2007-02-16,1824
2007-02-17,4112
2007-02-18,13111
2007-02-19,24252
2007-02-20,10432
2007-02-21,3513
2007-02-22,2989
2007-02-23,2886
2007-02-24,12497
2007-02-25,20394
2007-02-26,6067
2007-02-27,6584
2007-02-28,6742
2007-03-01,49579
2007-03-02,299
2007-03-03,6852
2007-03-04,2098
2007-03-05,375
2007-03-06,475
2007-03-07,854
2007-03-08,957
2007-03-09,2011
2007-03-10,3070
2007-03-11,5190
2007-03-12,1675
2007-03-13,2627
2007-03-14,3432
2007-03-15,3809
2007-03-16,3393
2007-03-17,22406
2007-03-18,43396
2007-03-19,4680
2007-03-20,3456
2007-03-21,1180
2007-03-22,2869
2007-03-23,4912
2007-03-24,4250
2007-03-25,43204
2007-03-26,3701
2007-03-27,2690
2007-03-28,1806
2007-03-29,2831
2007-03-30,6216
2007-03-31,2738
2007-04-01,9206
2007-04-02,6525
2007-04-03,5733
2007-04-04,5446
2007-04-05,9550
2007-04-06,10852
2007-04-07,36502
2007-04-08,56901
2007-04-09,12622
2007-04-10,14927
2007-04-11,16390
2007-04-12,9085
2007-04-13,9026
2007-04-14,61358
2007-04-15,61993
2007-04-16,12590
2007-04-17,23156
2007-04-18,20582
2007-04-19,23675
2007-04-20,19329
2007-04-21,22813
2007-04-22,52551
2007-04-23,19997
2007-04-24,26994
2007-04-25,28663
2007-04-26,27143
2007-04-27,30306
2007-04-28,63057
2007-04-29,66917
2007-04-30,14862
2007-05-01,14543
2007-05-02,13354
2007-05-03,14843
2007-05-04,25041
2007-05-05,65727
2007-05-06,39337
2007-05-07,15703
2007-05-08,13387
2007-05-09,14408
2007-05-10,20842
2007-05-11,31899
2007-05-12,11270
2007-05-13,52285
2007-05-14,14405
2007-05-15,24392
2007-05-16,3346
2007-05-17,14318
2007-05-18,14917
2007-05-19,31447
2007-05-20,50442
2007-05-21,13679
2007-05-22,17902
2007-05-23,20369
2007-05-24,13052
2007-05-25,25817
2007-05-26,58418
2007-05-27,50520
2007-05-28,11450
2007-05-29,6429
2007-05-30,11628
2007-05-31,12996
2007-06-01,12996
2007-06-02,31032
2007-06-03,42838
2007-06-04,8490
2007-06-05,13816
2007-06-06,59134
2007-06-07,10739
2007-06-08,13697
2007-06-09,39670
2007-06-10,37721
2007-06-11,8309
2007-06-12,8831
2007-06-13,10489
2007-06-14,8519
2007-06-15,13994
2007-06-16,21668
2007-06-17,28617
2007-06-18,5070
2007-06-19,6196
2007-06-20,6758
2007-06-21,1790
2007-06-22,6403
2007-06-23,21378
2007-06-24,14888
2007-06-25,3418
2007-06-26,6042
2007-06-27,5252
2007-06-28,902
2007-06-29,3018
2007-06-30,16242
2007-07-01,5522
2007-07-02,977
2007-07-03,4369
2007-07-04,1279
2007-07-05,3501
2007-07-06,3785
2007-07-07,13850
2007-07-08,19869
2007-07-09,3354
2007-07-10,2452
2007-07-11,1292
2007-07-12,4275
2007-07-13,4199
2007-07-14,21590
2007-07-15,23780
2007-07-16,2717
2007-07-17,33429
2007-07-18,4092
2007-07-19,464
2007-07-20,3950
2007-07-21,12311
2007-07-22,24255
2007-07-23,6712
2007-07-24,3370
2007-07-25,4255
2007-07-26,7002
2007-07-27,6829
2007-07-28,16614
2007-07-29,15843
2007-07-30,13193
2007-07-31,11970
2007-08-01,11616
2007-08-02,12986
2007-08-03,16476
2007-08-04,4517
2007-08-05,23072
2007-08-06,8288
2007-08-07,1246
2007-08-08,1579
2007-08-09,3557
2007-08-10,5899
2007-08-11,17881
2007-08-12,9757
2007-08-13,6926
2007-08-14,3602
2007-08-15,32083
2007-08-16,6656
2007-08-17,6605
2007-08-18,21777
2007-08-19,16511
2007-08-20,4318
2007-08-21,4871
2007-08-22,4124
2007-08-23,4869
2007-08-24,5160
2007-08-25,14611
2007-08-26,14752
2007-08-27,2189
2007-08-28,3096
2007-08-29,2728
2007-08-30,3507
2007-08-31,5523
2007-09-01,2605
2007-09-02,11264
2007-09-03,3644
2007-09-04,4087
2007-09-05,2446
2007-09-06,1433
2007-09-07,4618
2007-09-08,34614
2007-09-09,35937
2007-09-10,4572
2007-09-11,6740
2007-09-12,4983
2007-09-13,7031
2007-09-14,7367
2007-09-15,6189
2007-09-16,12184
2007-09-17,5649
2007-09-18,1782
2007-09-19,1251
2007-09-20,3446
2007-09-21,5160
2007-09-22,14249
2007-09-23,27617
2007-09-24,28142
2007-09-25,31188
2007-09-26,35704
2007-09-27,2740
2007-09-28,7562
2007-09-29,21150
2007-09-30,12163
2007-10-01,3762
2007-10-02,10310
2007-10-03,35102
2007-10-04,5958
2007-10-05,11160
2007-10-06,28699
2007-10-07,33602
2007-10-08,11376
2007-10-09,12570
2007-10-10,12554
2007-10-11,15140
2007-10-12,25000
2007-10-13,33275
2007-10-14,40408
2007-10-15,9912
2007-10-16,12132
2007-10-17,15741
2007-10-18,18281
2007-10-19,13791
2007-10-20,12992
2007-10-21,29932
2007-10-22,12247
2007-10-23,12603
2007-10-24,10884
2007-10-25,14430
2007-10-26,20163
2007-10-27,47421
2007-10-28,33645
2007-10-29,6609
2007-10-30,9967
2007-10-31,7674
2007-11-01,8338
2007-11-02,8286
2007-11-03,22404
2007-11-04,44239
2007-11-05,5054
2007-11-06,7286
2007-11-07,6361
2007-11-08,6384
2007-11-09,7507
2007-11-10,21475
2007-11-11,23922
2007-11-12,4203
2007-11-13,3223
2007-11-14,3570
2007-11-15,3919
2007-11-16,3235
2007-11-17,6039
2007-11-18,5088
2007-11-19,1207
2007-11-20,1052
2007-11-21,1234
2007-11-22,1687
2007-11-23,720
2007-11-24,7957
2007-11-25,14072
2007-11-26,861
2007-11-27,1564
2007-11-28,1653
2007-11-29,1715
2007-11-30,1500
2007-12-01,4801
2007-12-02,6233
2007-12-03,1310
2007-12-04,1255
2007-12-05,857
2007-12-06,851
2007-12-07,826
2007-12-08,3807
2007-12-09,6230
2007-12-10,1076
2007-12-11,1185
2007-12-12,1472
2007-12-13,1213
2007-12-14,1134
2007-12-15,2449
2007-12-16,5202
2007-12-17,1121
2007-12-18,1086
2007-12-19,5489
2007-12-20,1272
2007-12-21,1119
2007-12-22,4894
2007-12-23,6108
2007-12-24,3102
2007-12-25,17096
2007-12-26,2760
2007-12-27,2299
2007-12-28,1040
2007-12-29,2583
2007-12-30,1703
2007-12-31,1225
2008-01-01,2475
2008-01-02,1457
2008-01-03,1920
2008-01-04,2292
2008-01-05,6492
2008-01-06,9222
2008-01-07,2067
2008-01-08,1981
2008-01-09,2213
2008-01-10,2048
2008-01-11,783
2008-01-12,3899
2008-01-13,3808
2008-01-14,1530
2008-01-15,1264
2008-01-16,1039
2008-01-17,939
2008-01-18,1498
2008-01-19,4227
2008-01-20,5462
2008-01-21,1070
2008-01-22,1037
2008-01-23,1637
2008-01-24,853
2008-01-25,1191
2008-01-26,4699
2008-01-27,9537
2008-01-28,1704
2008-01-29,1975
2008-01-30,1453
2008-01-31,1185
2008-02-01,1377
2008-02-02,4740
2008-02-03,6297
2008-02-04,1438
2008-02-05,1260
2008-02-06,3148
2008-02-07,5255
2008-02-08,9252
2008-02-09,7656
2008-02-10,7171
2008-02-11,1303
2008-02-12,616
2008-02-13,605
2008-02-14,1298
2008-02-15,1068
2008-02-16,3040
2008-02-17,6118
2008-02-18,1841
2008-02-19,2230
2008-02-20,2260
2008-02-21,2888
2008-02-22,2521
2008-02-23,4272
2008-02-24,9111
2008-02-25,1762
2008-02-26,1192
2008-02-27,2545
2008-02-28,3855
2008-02-29,3149
2008-03-01,25391
2008-03-02,4460
2008-03-03,1852
2008-03-04,1467
2008-03-05,2187
2008-03-06,1303
2008-03-07,2547
2008-03-08,26323
2008-03-09,36482
2008-03-10,2940
2008-03-11,3679
2008-03-12,4424
2008-03-13,1526
2008-03-14,4384
2008-03-15,29675
2008-03-16,33461
2008-03-17,4791
2008-03-18,5415
2008-03-19,3480
2008-03-20,5172
2008-03-21,6594
2008-03-22,40347
2008-03-23,3391
2008-03-24,3557
2008-03-25,1635
2008-03-26,3150
2008-03-27,2778
2008-03-28,6765
2008-03-29,2082
2008-03-30,20741
2008-03-31,4472
2008-04-01,7039
2008-04-02,1639
2008-04-03,7992
2008-04-04,9292
2008-04-05,51741
2008-04-06,57938
2008-04-07,9720
2008-04-08,18542
2008-04-09,40208
2008-04-10,11751
2008-04-11,16829
2008-04-12,69461
2008-04-13,54357
2008-04-14,18890
2008-04-15,24127
2008-04-16,18643
2008-04-17,24496
2008-04-18,20789
2008-04-19,50374
2008-04-20,62895
2008-04-21,18764
2008-04-22,18852
2008-04-23,16884
2008-04-24,25940
2008-04-25,14605
2008-04-26,28593
2008-04-27,23456
2008-04-28,25414
2008-04-29,18870
2008-04-30,21114
2008-05-01,45421
2008-05-02,29016
2008-05-03,50027
2008-05-04,56736
2008-05-05,73938
2008-05-06,15317
2008-05-07,7707
2008-05-08,9063
2008-05-09,8245
2008-05-10,16438
2008-05-11,31834
2008-05-12,19165
2008-05-13,3171
2008-05-14,5387
2008-05-15,7751
2008-05-16,9985
2008-05-17,14587
2008-05-18,2831
2008-05-19,3743
2008-05-20,7921
2008-05-21,2502
2008-05-22,7749
2008-05-23,10186
2008-05-24,22608
2008-05-25,31143
2008-05-26,6761
2008-05-27,7448
2008-05-28,2145
2008-05-29,9882
2008-05-30,5503
2008-05-31,22863
2008-06-01,36190
2008-06-02,3089
2008-06-03,4319
2008-06-04,4679
2008-06-05,3448
2008-06-06,48817
2008-06-07,27452
2008-06-08,15798
2008-06-09,5389
2008-06-10,6497
2008-06-11,6486
2008-06-12,6971
2008-06-13,8218
2008-06-14,23949
2008-06-15,28874
2008-06-16,6131
2008-06-17,2791
2008-06-18,589
2008-06-19,5608
2008-06-20,8708
2008-06-21,10848
2008-06-22,18319
2008-06-23,5434
2008-06-24,5564
2008-06-25,5511
2008-06-26,5585
2008-06-27,5790
2008-06-28,8868
2008-06-29,21016
2008-06-30,4881
2008-07-01,5380
2008-07-02,1207
2008-07-03,2897
2008-07-04,4410
2008-07-05,8338
2008-07-06,19874
2008-07-07,2814
2008-07-08,53382
2008-07-09,2912
2008-07-10,2630
2008-07-11,3070
2008-07-12,12129
2008-07-13,15999
2008-07-14,2665
2008-07-15,2962
2008-07-16,1154
2008-07-17,3513
2008-07-18,3715
2008-07-19,1096
2008-07-20,4535
2008-07-21,2965
2008-07-22,4703
2008-07-23,4472
2008-07-24,503
2008-07-25,2259
2008-07-26,4895
2008-07-27,20042
2008-07-28,10356
2008-07-29,8122
2008-07-30,7246
2008-07-31,10264
2008-08-01,14153
2008-08-02,10948
2008-08-03,23646
2008-08-04,11873
2008-08-05,9453
2008-08-06,8317
2008-08-07,6692
2008-08-08,6150
2008-08-09,11410
2008-08-10,10080
2008-08-11,3785
2008-08-12,3566
2008-08-13,4468
2008-08-14,5331
2008-08-15,16196
2008-08-16,15523
2008-08-17,24026
2008-08-18,1556
2008-08-19,8162
2008-08-20,6872
2008-08-21,8949
2008-08-22,562
2008-08-23,20266
2008-08-24,33787
2008-08-25,6571
2008-08-26,7194
2008-08-27,6624
2008-08-28,5928
2008-08-29,6547
2008-08-30,24494
2008-08-31,27416
2008-09-01,459
2008-09-02,3497
2008-09-03,4361
2008-09-04,5753
2008-09-05,5017
2008-09-06,23255
2008-09-07,27018
2008-09-08,3288
2008-09-09,3275
2008-09-10,4228
2008-09-11,2636
2008-09-12,5650
2008-09-13,19671
2008-09-14,24693
2008-09-15,36847
2008-09-16,15896
2008-09-17,5054
2008-09-18,5429
2008-09-19,5635
2008-09-20,7749
2008-09-21,31901
2008-09-22,4352
2008-09-23,5417
2008-09-24,7021
2008-09-25,3435
2008-09-26,22476
2008-09-27,35994
2008-09-28,29709
2008-09-29,6720
2008-09-30,6975
2008-10-01,11492
2008-10-02,14018
2008-10-03,58673
2008-10-04,38968
2008-10-05,34866
2008-10-06,8376
2008-10-07,13628
2008-10-08,13510
2008-10-09,15939
2008-10-10,18198
2008-10-11,34186
2008-10-12,39273
2008-10-13,16705
2008-10-14,11238
2008-10-15,7826
2008-10-16,21197
2008-10-17,20739
2008-10-18,30866
2008-10-19,40554
2008-10-20,18671
2008-10-21,24393
2008-10-22,7591
2008-10-23,10040
2008-10-24,19556
2008-10-25,20821
2008-10-26,37365
2008-10-27,7274
2008-10-28,11942
2008-10-29,9636
2008-10-30,9732
2008-10-31,4021
2008-11-01,26271
2008-11-02,35958
2008-11-03,7165
2008-11-04,8228
2008-11-05,5186
2008-11-06,4218
2008-11-07,6074
2008-11-08,29019
2008-11-09,25579
2008-11-10,5771
2008-11-11,5146
2008-11-12,4713
2008-11-13,5341
2008-11-14,4871
2008-11-15,7217
2008-11-16,20568
2008-11-17,2227
2008-11-18,1285
2008-11-19,1033
2008-11-20,924
2008-11-21,1560
2008-11-22,7814
2008-11-23,13010
2008-11-24,2101
2008-11-25,1757
2008-11-26,2142
2008-11-27,314
2008-11-28,1869
2008-11-29,3632
2008-11-30,7025
2008-12-01,1462
2008-12-02,2186
2008-12-03,2680
2008-12-04,597
2008-12-05,618
2008-12-06,859
2008-12-07,2026
2008-12-08,1006
2008-12-09,1727
2008-12-10,1815
2008-12-11,1500
2008-12-12,1874
2008-12-13,5632
2008-12-14,5199
2008-12-15,1589
2008-12-16,2632
2008-12-17,1056
2008-12-18,2154
2008-12-19,1378
2008-12-20,2222
2008-12-21,4398
2008-12-22,710
2008-12-23,1256
2008-12-24,1721
2008-12-25,6873
2008-12-26,2119
2008-12-27,3707
2008-12-28,6468
2008-12-29,2016
2008-12-30,1693
2008-12-31,1363
2009-01-01,0
2009-01-02,0
2009-01-03,0
2009-01-04,0
2009-01-05,0
2009-01-06,0
2009-01-07,0
2009-01-08,0
2009-01-09,0
2009-01-10,0
2009-01-11,0
2009-01-12,0
2009-01-13,0
2009-01-14,0
2009-01-15,0
2009-01-16,0
2009-01-17,0
2009-01-18,0
2009-01-19,0
2009-01-20,0
2009-01-21,0
2009-01-22,0
2009-01-23,0
2009-01-24,0
2009-01-25,0
2009-01-26,0
2009-01-27,0
2009-01-28,0
2009-01-29,0
2009-01-30,0
2009-01-31,0
2009-02-01,20988
2009-02-02,2577
2009-02-03,3125
2009-02-04,3086
2009-02-05,2002
2009-02-06,2531
2009-02-07,6753
2009-02-08,16497
2009-02-09,2152
2009-02-10,1835
2009-02-11,1885
2009-02-12,2052
2009-02-13,206
2009-02-14,8553
2009-02-15,4735
2009-02-16,976
2009-02-17,1006
2009-02-18,1806
2009-02-19,1349
2009-02-20,1019
2009-02-21,5168
2009-02-22,6917
2009-02-23,4806
2009-02-24,3179
2009-02-25,4322
2009-02-26,4784
2009-02-27,5398
2009-02-28,21981
2009-03-01,30766
2009-03-02,3752
2009-03-03,791
2009-03-04,2584
2009-03-05,1119
2009-03-06,1509
2009-03-07,11876
2009-03-08,28536
2009-03-09,3504
2009-03-10,3244
2009-03-11,3151
2009-03-12,2692
2009-03-13,603
2009-03-14,6918
2009-03-15,18062
2009-03-16,1588
2009-03-17,4050
2009-03-18,2486
2009-03-19,2311
2009-03-20,6246
2009-03-21,41031
2009-03-22,17714
2009-03-23,4084
2009-03-24,2072
2009-03-25,2539
2009-03-26,1620
2009-03-27,4352
2009-03-28,36084
2009-03-29,41961
2009-03-30,4641
2009-03-31,4891
2009-04-01,5460
2009-04-02,8110
2009-04-03,10335
2009-04-04,34219
2009-04-05,53719
2009-04-06,11811
2009-04-07,13918
2009-04-08,27615
2009-04-09,15489
2009-04-10,19040
2009-04-11,70900
2009-04-12,67921
2009-04-13,17503
2009-04-14,20597
2009-04-15,11719
2009-04-16,16324
2009-04-17,22508
2009-04-18,46684
2009-04-19,54871
2009-04-20,7484
2009-04-21,9160
2009-04-22,18379
2009-04-23,20445
2009-04-24,15146
2009-04-25,9082
2009-04-26,25287
2009-04-27,24917
2009-04-28,23352
2009-04-29,16696
2009-04-30,21643
2009-05-01,47315
2009-05-02,35343
2009-05-03,56143
2009-05-04,50453
2009-05-05,70261
2009-05-06,10768
2009-05-07,12921
2009-05-08,13898
2009-05-09,51322
2009-05-10,33647
2009-05-11,2820
2009-05-12,7844
2009-05-13,14926
2009-05-14,21250
2009-05-15,21349
2009-05-16,2240
2009-05-17,26463
2009-05-18,9642
2009-05-19,18576
2009-05-20,14767
2009-05-21,1816
2009-05-22,22594
2009-05-23,32563
2009-05-24,52832
2009-05-25,13274
2009-05-26,12304
2009-05-27,11559
2009-05-28,11819
2009-05-29,11902
2009-05-30,34173
2009-05-31,47846
2009-06-01,9383
2009-06-02,6523
2009-06-03,5636
2009-06-04,14036
2009-06-05,17816
2009-06-06,57752
2009-06-07,23810
2009-06-08,8748
2009-06-09,3130
2009-06-10,4030
2009-06-11,11911
2009-06-12,13531
2009-06-13,41974
2009-06-14,32779
2009-06-15,7830
2009-06-16,7581
2009-06-17,8390
2009-06-18,9240
2009-06-19,11077
2009-06-20,2505
2009-06-21,27719
2009-06-22,6185
2009-06-23,7709
2009-06-24,6447
2009-06-25,7418
2009-06-26,8484
2009-06-27,23467
2009-06-28,20252
2009-06-29,2240
2009-06-30,3933
2009-07-01,4211
2009-07-02,1692
2009-07-03,4646
2009-07-04,16361
2009-07-05,23181
2009-07-06,4169
2009-07-07,2226
2009-07-08,3818
2009-07-09,153
2009-07-10,4076
2009-07-11,20762
2009-07-12,602
2009-07-13,2836
2009-07-14,270
2009-07-15,3302
2009-07-16,4948
2009-07-17,1381
2009-07-18,2657
2009-07-19,19386
2009-07-20,4856
2009-07-21,4492
2009-07-22,5402
2009-07-23,5236
2009-07-24,5833
2009-07-25,20035
2009-07-26,24285
2009-07-27,8958
2009-07-28,8532
2009-07-29,10737
2009-07-30,12342
2009-07-31,12142
2009-08-01,23234
2009-08-02,25027
2009-08-03,19381
2009-08-04,14881
2009-08-05,11734
2009-08-06,11643
2009-08-07,6021
2009-08-08,17025
2009-08-09,17793
2009-08-10,5591
2009-08-11,1278
2009-08-12,643
2009-08-13,7914
2009-08-14,7376
2009-08-15,24082
2009-08-16,13314
2009-08-17,5604
2009-08-18,5286
2009-08-19,5549
2009-08-20,3341
2009-08-21,6793
2009-08-22,18667
2009-08-23,18178
2009-08-24,4840
2009-08-25,5249
2009-08-26,3257
2009-08-27,1802
2009-08-28,4754
2009-08-29,16862
2009-08-30,11349
2009-08-31,4520
2009-09-01,3758
2009-09-02,4122
2009-09-03,5731
2009-09-04,3847
2009-09-05,16872
2009-09-06,22721
2009-09-07,2205
2009-09-08,3745
2009-09-09,3822
2009-09-10,3936
2009-09-11,3838
2009-09-12,14763
2009-09-13,27805
2009-09-14,3654
2009-09-15,4042
2009-09-16,5129
2009-09-17,3969
2009-09-18,3914
2009-09-19,41047
2009-09-20,28342
2009-09-21,835
2009-09-22,3957
2009-09-23,4080
2009-09-24,4111
2009-09-25,6209
2009-09-26,26807
2009-09-27,9240
2009-09-28,2651
2009-09-29,3175
2009-09-30,3518
2009-10-01,8926
2009-10-02,22339
2009-10-03,31525
2009-10-04,32985
2009-10-05,25510
2009-10-06,6139
2009-10-07,6567
2009-10-08,5235
2009-10-09,9460
2009-10-10,37507
2009-10-11,43354
2009-10-12,7165
2009-10-13,5801
2009-10-14,5344
2009-10-15,10852
2009-10-16,9252
2009-10-17,17351
2009-10-18,40859
2009-10-19,3206
2009-10-20,7320
2009-10-21,9781
2009-10-22,8922
2009-10-23,14400
2009-10-24,46307
2009-10-25,48331
2009-10-26,11216
2009-10-27,9932
2009-10-28,8855
2009-10-29,8808
2009-10-30,9449
2009-10-31,5868
2009-11-01,16483
2009-11-02,2552
2009-11-03,1922
2009-11-04,2864
2009-11-05,4806
2009-11-06,5629
2009-11-07,21793
2009-11-08,5270
2009-11-09,4592
2009-11-10,2607
2009-11-11,3075
2009-11-12,2918
2009-11-13,876
2009-11-14,8611
2009-11-15,4256
2009-11-16,1246
2009-11-17,1312
2009-11-18,1093
2009-11-19,1353
2009-11-20,2149
2009-11-21,5289
2009-11-22,7332
2009-11-23,1841
2009-11-24,2726
2009-11-25,1181
2009-11-26,2430
2009-11-27,2067
2009-11-28,9118
2009-11-29,2156
2009-11-30,1847
2009-12-01,2246
2009-12-02,1991
2009-12-03,1173
2009-12-04,1694
2009-12-05,1763
2009-12-06,3424
2009-12-07,1809
2009-12-08,1332
2009-12-09,1467
2009-12-10,856
2009-12-11,1563
2009-12-12,11449
2009-12-13,7277
2009-12-14,1294
2009-12-15,1351
2009-12-16,806
2009-12-17,781
2009-12-18,487
2009-12-19,1268
2009-12-20,2169
2009-12-21,970
2009-12-22,1294
2009-12-23,2125
2009-12-24,2475
2009-12-25,4461
2009-12-26,3195
2009-12-27,1923
2009-12-28,945
2009-12-29,10944
2009-12-30,803
2009-12-31,656
2010-01-01,5564
2010-01-02,4841
2010-01-03,4811
2010-01-04,471
2010-01-05,4211
2010-01-06,675
2010-01-07,587
2010-01-08,871
2010-01-09,3073
2010-01-10,4858
2010-01-11,1102
2010-01-12,906
2010-01-13,560
2010-01-14,661
2010-01-15,921
2010-01-16,4788
2010-01-17,7627
2010-01-18,1503
2010-01-19,2544
2010-01-20,868
2010-01-21,1529
2010-01-22,1066
2010-01-23,4040
2010-01-24,8841
2010-01-25,1839
2010-01-26,1820
2010-01-27,2053
2010-01-28,1920
2010-01-29,1893
2010-01-30,6999
2010-01-31,8508
2010-02-01,2257
2010-02-02,1297
2010-02-03,1028
2010-02-04,1053
2010-02-05,1080
2010-02-06,5392
2010-02-07,10461
2010-02-08,1029
2010-02-09,704
2010-02-10,643
2010-02-11,316
2010-02-12,923
2010-02-13,3539
2010-02-14,5114
2010-02-15,11400
2010-02-16,3362
2010-02-17,1600
2010-02-18,1228
2010-02-19,1957
2010-02-20,13414
2010-02-21,22230
2010-02-22,3751
2010-02-23,6741
2010-02-24,7986
2010-02-25,531
2010-02-26,4546
2010-02-27,27327
2010-02-28,38948
2010-03-01,2139
2010-03-02,1818
2010-03-03,3159
2010-03-04,881
2010-03-05,2294
2010-03-06,17255
2010-03-07,25225
2010-03-08,2407
2010-03-09,1238
2010-03-10,911
2010-03-11,1740
2010-03-12,1433
2010-03-13,21826
2010-03-14,30939
2010-03-15,521
2010-03-16,1823
2010-03-17,1593
2010-03-18,1649
2010-03-19,1977
2010-03-20,2002
2010-03-21,12773
2010-03-22,1152
2010-03-23,2146
2010-03-24,3743
2010-03-25,1891
2010-03-26,2709
2010-03-27,9426
2010-03-28,31880
2010-03-29,4776
2010-03-30,5242
2010-03-31,920
2010-04-01,2556
2010-04-02,5244
2010-04-03,26264
2010-04-04,43449
2010-04-05,6738
2010-04-06,5708
2010-04-07,8474
2010-04-08,9698
2010-04-09,15266
2010-04-10,38165
2010-04-11,49647
2010-04-12,11146
2010-04-13,11426
2010-04-14,9840
2010-04-15,13540
2010-04-16,16176
2010-04-17,44017
2010-04-18,56387
2010-04-19,12792
2010-04-20,20030
2010-04-21,15959
2010-04-22,14665
2010-04-23,20596
2010-04-24,59237
2010-04-25,69154
2010-04-26,6370
2010-04-27,14370
2010-04-28,3883
2010-04-29,11425
2010-04-30,23565
2010-05-01,49989
2010-05-02,57307
2010-05-03,8856
2010-05-04,24057
2010-05-05,96463
2010-05-06,6641
2010-05-07,24470
2010-05-08,44813
2010-05-09,38164
2010-05-10,8123
2010-05-11,13249
2010-05-12,19656
2010-05-13,19043
2010-05-14,22145
2010-05-15,32798
2010-05-16,44660
2010-05-17,14972
2010-05-18,3531
2010-05-19,9671
2010-05-20,26250
2010-05-21,68517
2010-05-22,43294
2010-05-23,4173
2010-05-24,3584
2010-05-25,7362
2010-05-26,14288
2010-05-27,13804
2010-05-28,14171
2010-05-29,32570
2010-05-30,38852
2010-05-31,8328
2010-06-01,19601
2010-06-02,55170
2010-06-03,10714
2010-06-04,13633
2010-06-05,33040
2010-06-06,39915
2010-06-07,8220
2010-06-08,10049
2010-06-09,9748
2010-06-10,12067
2010-06-11,16264
2010-06-12,4804
2010-06-13,24481
2010-06-14,3704
2010-06-15,6408
2010-06-16,7055
2010-06-17,12163
2010-06-18,10372
2010-06-19,13215
2010-06-20,22602
2010-06-21,5637
2010-06-22,6932
2010-06-23,6273
2010-06-24,6598
2010-06-25,7213
2010-06-26,11013
2010-06-27,10200
2010-06-28,6176
2010-06-29,6902
2010-06-30,2579
2010-07-01,5074
2010-07-02,723
2010-07-03,7350
2010-07-04,19039
2010-07-05,3736
2010-07-06,4052
2010-07-07,4004
2010-07-08,3964
2010-07-09,4636
2010-07-10,22668
2010-07-11,13380
2010-07-12,4497
2010-07-13,4304
2010-07-14,3679
2010-07-15,4480
2010-07-16,1644
2010-07-17,1022
2010-07-18,18494
2010-07-19,4653
2010-07-20,4941
2010-07-21,4230
2010-07-22,4978
2010-07-23,3392
2010-07-24,18001
2010-07-25,20109
2010-07-26,6580
2010-07-27,7022
2010-07-28,6724
2010-07-29,7858
2010-07-30,11203
2010-07-31,24196
2010-08-01,21490
2010-08-02,15093
2010-08-03,16690
2010-08-04,10354
2010-08-05,6963
2010-08-06,5564
2010-08-07,7958
2010-08-08,15242
2010-08-09,5472
2010-08-10,3524
2010-08-11,5014
2010-08-12,5409
2010-08-13,4422
2010-08-14,6236
2010-08-15,17851
2010-08-16,5596
2010-08-17,7511
2010-08-18,5041
2010-08-19,5401
2010-08-20,4555
2010-08-21,11507
2010-08-22,11055
2010-08-23,1763
2010-08-24,2297
2010-08-25,1121
2010-08-26,2672
2010-08-27,4974
2010-08-28,7441
2010-08-29,2024
2010-08-30,4253
2010-08-31,3103
2010-09-01,2605
2010-09-02,735
2010-09-03,2214
2010-09-04,15891
2010-09-05,10641
2010-09-06,2310
2010-09-07,3430
2010-09-08,4787
2010-09-09,1762
2010-09-10,1314
2010-09-11,4277
2010-09-12,13553
2010-09-13,4619
2010-09-14,6026
2010-09-15,5207
2010-09-16,6340
2010-09-17,5352
2010-09-18,24429
2010-09-19,7448
2010-09-20,7134
2010-09-21,2355
2010-09-22,17102
2010-09-23,53128
2010-09-24,38875
2010-09-25,55440
2010-09-26,39001
2010-09-27,4997
2010-09-28,6881
2010-09-29,7216
2010-09-30,10357
2010-10-01,11131
2010-10-02,18625
2010-10-03,21311
2010-10-04,4869
2010-10-05,10743
2010-10-06,10363
2010-10-07,16747
2010-10-08,44876
2010-10-09,53526
2010-10-10,46260
2010-10-11,10935
2010-10-12,10683
2010-10-13,10502
2010-10-14,24191
2010-10-15,22060
2010-10-16,33434
2010-10-17,45875
2010-10-18,8576
2010-10-19,12415
2010-10-20,13598
2010-10-21,14840
2010-10-22,27664
2010-10-23,62339
2010-10-24,49386
2010-10-25,5894
2010-10-26,5962
2010-10-27,7185
2010-10-28,9573
2010-10-29,17937
2010-10-30,31046
2010-10-31,44159
2010-11-01,10272
2010-11-02,5892
2010-11-03,5826
2010-11-04,8365
2010-11-05,8209
2010-11-06,21889
2010-11-07,27484
2010-11-08,1729
2010-11-09,2280
2010-11-10,2812
2010-11-11,4559
2010-11-12,3629
2010-11-13,24219
2010-11-14,16544
2010-11-15,2055
2010-11-16,1890
2010-11-17,2533
2010-11-18,4046
2010-11-19,2762
2010-11-20,11243
2010-11-21,20579
2010-11-22,1987
2010-11-23,2530
2010-11-24,2593
2010-11-25,2299
2010-11-26,1659
2010-11-27,3125
2010-11-28,4142
2010-11-29,1471
2010-11-30,1655
2010-12-01,1903
2010-12-02,1733
2010-12-03,1146
2010-12-04,4261
2010-12-05,7824
2010-12-06,1468
2010-12-07,1031
2010-12-08,763
2010-12-09,1211
2010-12-10,1011
2010-12-11,2963
2010-12-12,3104
2010-12-13,999
2010-12-14,1472
2010-12-15,577
2010-12-16,1199
2010-12-17,1069
2010-12-18,3585
2010-12-19,6817
2010-12-20,2033
2010-12-21,2590
2010-12-22,2639
2010-12-23,2316
2010-12-24,680
2010-12-25,2116
2010-12-26,1966
2010-12-27,1296
2010-12-28,1028
2010-12-29,1435
2010-12-30,1136
2010-12-31,980
2011-01-01,0
2011-01-02,0
2011-01-03,0
2011-01-04,0
2011-01-05,0
2011-01-06,0
2011-01-07,0
2011-01-08,0
2011-01-09,0
2011-01-10,0
2011-01-11,0
2011-01-12,0
2011-01-13,0
2011-01-14,0
2011-01-15,0
2011-01-16,0
2011-01-17,0
2011-01-18,0
2011-01-19,0
2011-01-20,0
2011-01-21,0
2011-01-22,0
2011-01-23,0
2011-01-24,0
2011-01-25,9
2011-01-26,783
2011-01-27,2246
2011-01-28,731
2011-01-29,1598
2011-01-30,1199
2011-01-31,791
2011-02-01,1444
2011-02-02,3648
2011-02-03,5139
2011-02-04,7901
2011-02-05,10536
2011-02-06,5326
2011-02-07,1625
2011-02-08,1844
2011-02-09,1523
2011-02-10,2240
2011-02-11,1135
2011-02-12,3146
2011-02-13,3747
2011-02-14,1291
2011-02-15,1723
2011-02-16,1766
2011-02-17,2056
2011-02-18,2286
2011-02-19,11691
2011-02-20,19095
2011-02-21,4898
2011-02-22,5817
2011-02-23,5526
2011-02-24,7224
2011-02-25,5366
2011-02-26,16951
2011-02-27,627
2011-02-28,2306
2011-03-01,6600
2011-03-02,1570
2011-03-03,1504
2011-03-04,1575
2011-03-05,10231
2011-03-06,25092
2011-03-07,1790
2011-03-08,1693
2011-03-09,9906
2011-03-10,2030
2011-03-11,3009
2011-03-12,36801
2011-03-13,43185
2011-03-14,1910
2011-03-15,1928
2011-03-16,1290
2011-03-17,3328
2011-03-18,3569
2011-03-19,18628
2011-03-20,4322
2011-03-21,3667
2011-03-22,2074
2011-03-23,2193
2011-03-24,2516
2011-03-25,2213
2011-03-26,25781
2011-03-27,34259
2011-03-28,1827
2011-03-29,3278
2011-03-30,5078
2011-03-31,6315
2011-04-01,9084
2011-04-02,17220
2011-04-03,46140
2011-04-04,11521
2011-04-05,10445
2011-04-06,7855
2011-04-07,333
2011-04-08,6099
2011-04-09,50127
2011-04-10,35950
2011-04-11,9104
2011-04-12,12411
2011-04-13,13931
2011-04-14,14280
2011-04-15,10079
2011-04-16,59383
2011-04-17,67809
2011-04-18,3172
2011-04-19,19762
2011-04-20,24223
2011-04-21,26714
2011-04-22,2417
2011-04-23,57009
2011-04-24,63175
2011-04-25,16663
2011-04-26,3695
2011-04-27,15841
2011-04-28,25124
2011-04-29,27282
2011-04-30,1227
2011-05-01,12566
2011-05-02,18198
2011-05-03,15446
2011-05-04,21982
2011-05-05,115043
2011-05-06,25847
2011-05-07,25193
2011-05-08,43233
2011-05-09,8677
2011-05-10,5038
2011-05-11,3416
2011-05-12,14148
2011-05-13,24615
2011-05-14,54782
2011-05-15,45372
2011-05-16,15612
2011-05-17,19874
2011-05-18,16655
2011-05-19,15621
2011-05-20,5255
2011-05-21,12194
2011-05-22,47088
2011-05-23,9097
2011-05-24,15741
2011-05-25,14820
2011-05-26,8587
2011-05-27,22828
2011-05-28,48771
2011-05-29,44590
2011-05-30,11230
2011-05-31,16147
2011-06-01,3547
2011-06-02,13385
2011-06-03,17623
2011-06-04,36189
2011-06-05,66727
2011-06-06,65821
2011-06-07,11379
2011-06-08,13562
2011-06-09,8436
2011-06-10,17194
2011-06-11,37434
2011-06-12,31242
2011-06-13,9034
2011-06-14,13657
2011-06-15,10424
2011-06-16,10502
2011-06-17,14543
2011-06-18,25986
2011-06-19,27790
2011-06-20,5490
2011-06-21,7880
2011-06-22,3184
2011-06-23,560
2011-06-24,2163
2011-06-25,3614
2011-06-26,1622
2011-06-27,1048
2011-06-28,7302
2011-06-29,1310
2011-06-30,1237
2011-07-01,4998
2011-07-02,16797
2011-07-03,777
2011-07-04,3647
2011-07-05,4604
2011-07-06,5853
2011-07-07,1243
2011-07-08,8547
2011-07-09,8221
2011-07-10,12353
2011-07-11,846
2011-07-12,775
2011-07-13,1513
2011-07-14,1117
2011-07-15,1127
2011-07-16,3633
2011-07-17,18396
2011-07-18,4844
2011-07-19,4152
2011-07-20,4065
2011-07-21,5359
2011-07-22,5753
2011-07-23,18007
2011-07-24,12851
2011-07-25,5212
2011-07-26,6064
2011-07-27,249
2011-07-28,1119
2011-07-29,5764
2011-07-30,22202
2011-07-31,6084
2011-08-01,22843
2011-08-02,18742
2011-08-03,11159
2011-08-04,7171
2011-08-05,13890
2011-08-06,19175
2011-08-07,15188
2011-08-08,887
2011-08-09,5178
2011-08-10,7325
2011-08-11,8241
2011-08-12,4849
2011-08-13,6948
2011-08-14,18194
2011-08-15,26012
2011-08-16,4289
2011-08-17,2437
2011-08-18,8947
2011-08-19,7354
2011-08-20,27567
2011-08-21,33494
2011-08-22,7813
2011-08-23,7949
2011-08-24,7408
2011-08-25,7546
2011-08-26,8440
2011-08-27,25458
2011-08-28,23172
2011-08-29,6062
2011-08-30,4065
2011-08-31,9184
2011-09-01,3800
2011-09-02,3984
2011-09-03,23286
2011-09-04,29788
2011-09-05,4031
2011-09-06,4701
2011-09-07,5306
2011-09-08,3798
2011-09-09,2281
2011-09-10,18680
2011-09-11,8601
2011-09-12,34010
2011-09-13,43623
2011-09-14,18255
2011-09-15,5018
2011-09-16,6673
2011-09-17,20751
2011-09-18,35707
2011-09-19,2690
2011-09-20,8146
2011-09-21,7632
2011-09-22,10002
2011-09-23,14406
2011-09-24,48485
2011-09-25,50364
2011-09-26,6236
2011-09-27,13203
2011-09-28,11039
2011-09-29,1858
2011-09-30,16648
2011-10-01,33277
2011-10-02,67090
2011-10-03,64344
2011-10-04,10204
2011-10-05,8656
2011-10-06,14880
2011-10-07,22535
2011-10-08,38748
2011-10-09,40394
2011-10-10,9351
2011-10-11,14401
2011-10-12,16293
2011-10-13,18810
2011-10-14,13040
2011-10-15,10141
2011-10-16,24731
2011-10-17,8108
2011-10-18,11772
2011-10-19,13517
2011-10-20,18081
2011-10-21,24523
2011-10-22,41730
2011-10-23,48229
2011-10-24,6050
2011-10-25,11117
2011-10-26,6133
2011-10-27,10623
2011-10-28,11440
2011-10-29,14516
2011-10-30,54144
2011-10-31,15590
2011-11-01,11169
2011-11-02,10595
2011-11-03,10451
2011-11-04,13958
2011-11-05,22041
2011-11-06,7225
2011-11-07,4976
2011-11-08,7538
2011-11-09,5223
2011-11-10,6682
2011-11-11,6517
2011-11-12,30344
2011-11-13,29012
2011-11-14,3437
2011-11-15,3347
2011-11-16,4427
2011-11-17,3632
2011-11-18,1549
2011-11-19,8861
2011-11-20,7207
2011-11-21,1742
2011-11-22,2086
2011-11-23,1557
2011-11-24,1392
2011-11-25,1985
2011-11-26,6870
2011-11-27,5074
2011-11-28,2803
2011-11-29,1476
2011-11-30,463
2011-12-01,2051
2011-12-02,1487
2011-12-03,4751
2011-12-04,7470
2011-12-05,1432
2011-12-06,1917
2011-12-07,1758
2011-12-08,1207
2011-12-09,1243
2011-12-10,2814
2011-12-11,4541
2011-12-12,1539
2011-12-13,2279
2011-12-14,1510
2011-12-15,1002
2011-12-16,663
2011-12-17,2456
2011-12-18,3917
2011-12-19,1221
2011-12-20,1828
2011-12-21,1681
2011-12-22,863
2011-12-23,678
2011-12-24,2548
2011-12-25,3175
2011-12-26,1184
2011-12-27,1384
2011-12-28,1979
2011-12-29,2418
2011-12-30,2366
2011-12-31,4884
2012-01-01,6270
2012-01-02,1697
2012-01-03,1551
2012-01-04,1157
2012-01-05,1179
2012-01-06,4135
2012-01-07,4561
2012-01-08,5135
2012-01-09,1688
2012-01-10,1643
2012-01-11,1239
2012-01-12,1484
2012-01-13,3017
2012-01-14,5235
2012-01-15,6112
2012-01-16,1979
2012-01-17,1881
2012-01-18,2150
2012-01-19,1789
2012-01-20,2083
2012-01-21,3216
2012-01-22,1990
2012-01-23,2035
2012-01-24,2598
2012-01-25,1114
2012-01-26,1662
2012-01-27,1834
2012-01-28,5537
2012-01-29,6093
2012-01-30,1343
2012-01-31,1214
2012-02-01,585
2012-02-02,353
2012-02-03,1596
2012-02-04,3499
2012-02-05,6093
2012-02-06,1447
2012-02-07,885
2012-02-08,600
2012-02-09,938
2012-02-10,1431
2012-02-11,4836
2012-02-12,9485
2012-02-13,5658
2012-02-14,3286
2012-02-15,2162
2012-02-16,1770
2012-02-17,1102
2012-02-18,2687
2012-02-19,4797
2012-02-20,3102
2012-02-21,2964
2012-02-22,3718
2012-02-23,2773
2012-02-24,4328
2012-02-25,8473
2012-02-26,8551
2012-02-27,3618
2012-02-28,4381
2012-02-29,6237
2012-03-01,44884
2012-03-02,1828
2012-03-03,28053
2012-03-04,19536
2012-03-05,1102
2012-03-06,641
2012-03-07,2506
2012-03-08,1959
2012-03-09,4721
2012-03-10,18779
2012-03-11,6473
2012-03-12,1245
2012-03-13,2330
2012-03-14,2105
2012-03-15,3751
2012-03-16,1862
2012-03-17,23346
2012-03-18,33203
2012-03-19,2278
2012-03-20,2087
2012-03-21,2920
2012-03-22,2095
2012-03-23,1231
2012-03-24,7129
2012-03-25,8588
2012-03-26,2473
2012-03-27,3355
2012-03-28,4342
2012-03-29,4531
2012-03-30,2719
2012-03-31,16270
2012-04-01,17775
2012-04-02,1811
2012-04-03,1055
2012-04-04,4302
2012-04-05,5323
2012-04-06,5211
2012-04-07,19654
2012-04-08,34248
2012-04-09,7252
2012-04-10,3852
2012-04-11,26145
2012-04-12,5712
2012-04-13,8283
2012-04-14,44304
2012-04-15,54339
2012-04-16,8569
2012-04-17,14094
2012-04-18,13710
2012-04-19,16868
2012-04-20,20156
2012-04-21,2724
2012-04-22,2285
2012-04-23,9357
2012-04-24,19000
2012-04-25,703
2012-04-26,12921
2012-04-27,18140
2012-04-28,47980
2012-04-29,55812
2012-04-30,23658
2012-05-01,39523
2012-05-02,7475
2012-05-03,14777
2012-05-04,20209
2012-05-05,65422
2012-05-06,27115
2012-05-07,7147
2012-05-08,6754
2012-05-09,10489
2012-05-10,12899
2012-05-11,16591
2012-05-12,42545
2012-05-13,30674
2012-05-14,5051
2012-05-15,10002
2012-05-16,10178
2012-05-17,9007
2012-05-18,16125
2012-05-19,36099
2012-05-20,32460
2012-05-21,9893
2012-05-22,9879
2012-05-23,11904
2012-05-24,8126
2012-05-25,15961
2012-05-26,38736
2012-05-27,53036
2012-05-28,53034
2012-05-29,9822
2012-05-30,5609
2012-05-31,9744
2012-06-01,11703
2012-06-02,33880
2012-06-03,36869
2012-06-04,8374
2012-06-05,17101
2012-06-06,49002
2012-06-07,8341
2012-06-08,10702
2012-06-09,31281
2012-06-10,25640
2012-06-11,6120
2012-06-12,8356
2012-06-13,8651
2012-06-14,9173
2012-06-15,11413
2012-06-16,21662
2012-06-17,22532
2012-06-18,5466
2012-06-19,6610
2012-06-20,5846
2012-06-21,6009
2012-06-22,9094
2012-06-23,17632
2012-06-24,17202
2012-06-25,6871
2012-06-26,4773
2012-06-27,4759
2012-06-28,4768
2012-06-29,4744
2012-06-30,2916
2012-07-01,15579
2012-07-02,3193
2012-07-03,3567
2012-07-04,5507
2012-07-05,985
2012-07-06,4209
2012-07-07,15295
2012-07-08,13695
2012-07-09,3184
2012-07-10,3231
2012-07-11,8977
2012-07-12,4559
2012-07-13,2714
2012-07-14,5781
2012-07-15,2009
2012-07-16,4436
2012-07-17,3668
2012-07-18,1761
2012-07-19,1000
2012-07-20,3881
2012-07-21,12510
2012-07-22,8219
2012-07-23,3369
2012-07-24,3933
2012-07-25,3661
2012-07-26,3396
2012-07-27,3042
2012-07-28,8486
2012-07-29,7886
2012-07-30,5309
2012-07-31,5374
2012-08-01,5183
2012-08-02,5513
2012-08-03,6028
2012-08-04,7355
2012-08-05,5179
2012-08-06,3394
2012-08-07,2656
2012-08-08,3523
2012-08-09,3451
2012-08-10,4059
2012-08-11,12032
2012-08-12,5795
2012-08-13,5219
2012-08-14,6798
2012-08-15,1258
2012-08-16,5636
2012-08-17,6309
2012-08-18,11218
2012-08-19,10984
2012-08-20,1335
2012-08-21,3257
2012-08-22,2003
2012-08-23,4419
2012-08-24,4773
2012-08-25,13318
2012-08-26,19999
2012-08-27,3154
2012-08-28,0
2012-08-29,2939
2012-08-30,400
2012-08-31,4769
2012-09-01,22740
2012-09-02,27598
2012-09-03,4398
2012-09-04,1113
2012-09-05,3863
2012-09-06,6033
2012-09-07,7893
2012-09-08,18735
2012-09-09,27431
2012-09-10,4762
2012-09-11,6622
2012-09-12,5418
2012-09-13,1430
2012-09-14,7578
2012-09-15,28138
2012-09-16,16507
2012-09-17,210
2012-09-18,3935
2012-09-19,6375
2012-09-20,9304
2012-09-21,10488
2012-09-22,32856
2012-09-23,36932
2012-09-24,6226
2012-09-25,7034
2012-09-26,5720
2012-09-27,8560
2012-09-28,6709
2012-09-29,14751
2012-09-30,22779
2012-10-01,53744
2012-10-02,51177
2012-10-03,52872
2012-10-04,6314
2012-10-05,13856
2012-10-06,29237
2012-10-07,33657
2012-10-08,8799
2012-10-09,11572
2012-10-10,5207
2012-10-11,13533
2012-10-12,15889
2012-10-13,33435
2012-10-14,38564
2012-10-15,7855
2012-10-16,12903
2012-10-17,7715
2012-10-18,12325
2012-10-19,23109
2012-10-20,39585
2012-10-21,42808
2012-10-22,1337
2012-10-23,8271
2012-10-24,9880
2012-10-25,18810
2012-10-26,22962
2012-10-27,3413
2012-10-28,41892
2012-10-29,7579
2012-10-30,8800
2012-10-31,6571
2012-11-01,5169
2012-11-02,10432
2012-11-03,29863
2012-11-04,8454
2012-11-05,1340
2012-11-06,2219
2012-11-07,4559
2012-11-08,5734
2012-11-09,6343
2012-11-10,21714
2012-11-11,2354
2012-11-12,1750
2012-11-13,1777
2012-11-14,2419
2012-11-15,3113
2012-11-16,1803
2012-11-17,6479
2012-11-18,10277
2012-11-19,2438
2012-11-20,1880
2012-11-21,3189
2012-11-22,1963
2012-11-23,2572
2012-11-24,6484
2012-11-25,6775
2012-11-26,1077
2012-11-27,1664
2012-11-28,989
2012-11-29,1410
2012-11-30,1650
2012-12-01,3396
2012-12-02,5440
2012-12-03,776
2012-12-04,1032
2012-12-05,876
2012-12-06,538
2012-12-07,489
2012-12-08,1067
2012-12-09,1108
2012-12-10,599
2012-12-11,843
2012-12-12,1246
2012-12-13,1149
2012-12-14,484
2012-12-15,3346
2012-12-16,4515
2012-12-17,1791
2012-12-18,929
2012-12-19,1534
2012-12-20,976
2012-12-21,1052
2012-12-22,2374
2012-12-23,1563
2012-12-24,833
2012-12-25,2310
2012-12-26,581
2012-12-27,1016
2012-12-28,845
2012-12-29,2220
2012-12-30,1706
2012-12-31,1060
2013-01-01,2122
2013-01-02,682
2013-01-03,459
2013-01-04,621
2013-01-05,1976
2013-01-06,2968
2013-01-07,1207
2013-01-08,1588
2013-01-09,935
2013-01-10,824
2013-01-11,1295
2013-01-12,4198
2013-01-13,5599
2013-01-14,1575
2013-01-15,1610
2013-01-16,1145
2013-01-17,1178
2013-01-18,1254
2013-01-19,5837
2013-01-20,6831
2013-01-21,460
2013-01-22,3124
2013-01-23,867
2013-01-24,1305
2013-01-25,838
2013-01-26,1866
2013-01-27,2087
2013-01-28,1285
2013-01-29,1474
2013-01-30,1864
2013-01-31,3064
2013-02-01,356
2013-02-02,5501
2013-02-03,2736
2013-02-04,1260
2013-02-05,1059
2013-02-06,1489
2013-02-07,471
2013-02-08,389
2013-02-09,909
2013-02-10,1953
2013-02-11,3543
2013-02-12,1959
2013-02-13,1869
2013-02-14,2164
2013-02-15,2083
2013-02-16,5548
2013-02-17,7232
2013-02-18,1786
2013-02-19,1817
2013-02-20,1379
2013-02-21,1986
2013-02-22,1635
2013-02-23,5708
2013-02-24,9558
2013-02-25,3007
2013-02-26,2427
2013-02-27,4843
2013-02-28,5934
2013-03-01,11761
2013-03-02,11527
2013-03-03,10728
2013-03-04,2042
2013-03-05,2757
2013-03-06,3341
2013-03-07,1445
2013-03-08,3053
2013-03-09,38469
2013-03-10,16357
2013-03-11,3127
2013-03-12,3802
2013-03-13,1436
2013-03-14,2681
2013-03-15,3427
2013-03-16,32448
2013-03-17,31273
2013-03-18,3236
2013-03-19,2834
2013-03-20,1339
2013-03-21,3093
2013-03-22,2032
2013-03-23,25352
2013-03-24,28849
2013-03-25,7630
2013-03-26,3500
2013-03-27,5853
2013-03-28,3888
2013-03-29,6154
2013-03-30,23939
2013-03-31,34023
2013-04-01,5440
2013-04-02,918
2013-04-03,6179
2013-04-04,7306
2013-04-05,12588
2013-04-06,1451
2013-04-07,13956
2013-04-08,4939
2013-04-09,3750
2013-04-10,4660
2013-04-11,4830
2013-04-12,8756
2013-04-13,57172
2013-04-14,19589
2013-04-15,4906
2013-04-16,11528
2013-04-17,15087
2013-04-18,10989
2013-04-19,29860
2013-04-20,8344
2013-04-21,66116
2013-04-22,15727
2013-04-23,7370
2013-04-24,13965
2013-04-25,6714
2013-04-26,29523
2013-04-27,49444
2013-04-28,53841
2013-04-29,3413
2013-04-30,22131
2013-05-01,43323
2013-05-02,11416
2013-05-03,16088
2013-05-04,43733
2013-05-05,67067
2013-05-06,14339
2013-05-07,11700
2013-05-08,10289
2013-05-09,11863
2013-05-10,5542
2013-05-11,47796
2013-05-12,32632
2013-05-13,10929
2013-05-14,11703
2013-05-15,14799
2013-05-16,21689
2013-05-17,61099
2013-05-18,46277
2013-05-19,13127
2013-05-20,6355
2013-05-21,10076
2013-05-22,12264
2013-05-23,10604
2013-05-24,15358
2013-05-25,31261
2013-05-26,28752
2013-05-27,2242
2013-05-28,1741
2013-05-29,3865
2013-05-30,12381
2013-05-31,21331
2013-06-01,40082
2013-06-02,40868
2013-06-03,9745
2013-06-04,10486
2013-06-05,12852
2013-06-06,48936
2013-06-07,16629
2013-06-08,28928
2013-06-09,25231
2013-06-10,6650
2013-06-11,7280
2013-06-12,2909
2013-06-13,10528
2013-06-14,11278
2013-06-15,23414
2013-06-16,24638
2013-06-17,4668
2013-06-18,1011
2013-06-19,6943
2013-06-20,7831
2013-06-21,18300
2013-06-22,17923
2013-06-23,22709
2013-06-24,5739
2013-06-25,5296
2013-06-26,5293
2013-06-27,5553
2013-06-28,5166
2013-06-29,14067
2013-06-30,11822
2013-07-01,3357
2013-07-02,598
2013-07-03,2815
2013-07-04,2268
2013-07-05,3304
2013-07-06,11529
2013-07-07,7273
2013-07-08,2215
2013-07-09,2238
2013-07-10,2294
2013-07-11,2256
2013-07-12,1485
2013-07-13,3185
2013-07-14,2493
2013-07-15,1587
2013-07-16,2884
2013-07-17,2111
2013-07-18,3094
2013-07-19,4630
2013-07-20,12101
2013-07-21,7486
2013-07-22,1649
2013-07-23,922
2013-07-24,3233
2013-07-25,5306
2013-07-26,5327
2013-07-27,12940
2013-07-28,5196
2013-07-29,8686
2013-07-30,8974
2013-07-31,8641
2013-08-01,11639
2013-08-02,9120
2013-08-03,12786
2013-08-04,9496
2013-08-05,4768
2013-08-06,3634
2013-08-07,4890
2013-08-08,6515
2013-08-09,4428
2013-08-10,8164
2013-08-11,9587
2013-08-12,3271
2013-08-13,3606
2013-08-14,4172
2013-08-15,11412
2013-08-16,4950
2013-08-17,11483
2013-08-18,9340
2013-08-19,3185
2013-08-20,3117
2013-08-21,4836
2013-08-22,3279
2013-08-23,2593
2013-08-24,12374
2013-08-25,14930
2013-08-26,3587
2013-08-27,3829
2013-08-28,3944
2013-08-29,1017
2013-08-30,5050
2013-08-31,24639
2013-09-01,30698
2013-09-02,4910
2013-09-03,6573
2013-09-04,5119
2013-09-05,4633
2013-09-06,5446
2013-09-07,34985
2013-09-08,38296
2013-09-09,4915
2013-09-10,4602
2013-09-11,1226
2013-09-12,7871
2013-09-13,809
2013-09-14,6280
2013-09-15,31765
2013-09-16,5151
2013-09-17,6518
2013-09-18,19416
2013-09-19,27071
2013-09-20,51380
2013-09-21,45609
2013-09-22,28766
2013-09-23,6030
2013-09-24,1311
2013-09-25,7565
2013-09-26,10879
2013-09-27,13414
2013-09-28,23914
2013-09-29,5260
2013-09-30,12206
2013-10-01,10990
2013-10-02,9861
2013-10-03,63360
2013-10-04,21096
2013-10-05,37669
2013-10-06,36840
2013-10-07,7033
2013-10-08,4754
2013-10-09,48468
2013-10-10,14276
2013-10-11,14665
2013-10-12,30955
2013-10-13,37894
2013-10-14,10405
2013-10-15,5377
2013-10-16,10038
2013-10-17,10989
2013-10-18,24566
2013-10-19,31489
2013-10-20,36297
2013-10-21,14439
2013-10-22,14309
2013-10-23,10488
2013-10-24,16463
2013-10-25,13913
2013-10-26,27153
2013-10-27,33937
2013-10-28,8908
2013-10-29,7287
2013-10-30,7436
2013-10-31,14850
2013-11-01,11322
2013-11-02,6832
2013-11-03,25254
2013-11-04,6901
2013-11-05,7243
2013-11-06,4236
2013-11-07,7835
2013-11-08,8091
2013-11-09,13616
2013-11-10,13790
2013-11-11,2958
2013-11-12,2917
2013-11-13,3529
2013-11-14,3208
2013-11-15,4465
2013-11-16,13191
2013-11-17,5551
2013-11-18,1692
2013-11-19,1489
2013-11-20,1615
2013-11-21,1654
2013-11-22,2423
2013-11-23,8322
2013-11-24,5873
2013-11-25,603
2013-11-26,1316
2013-11-27,1359
2013-11-28,1108
2013-11-29,1201
2013-11-30,6769
2013-12-01,7751
2013-12-02,1570
2013-12-03,1518
2013-12-04,1560
2013-12-05,1098
2013-12-06,122
2013-12-07,6148
2013-12-08,5312
2013-12-09,568
2013-12-10,1246
2013-12-11,1337
2013-12-12,1344
2013-12-13,583
2013-12-14,1622
2013-12-15,2240
2013-12-16,909
2013-12-17,1239
2013-12-18,4502
2013-12-19,1131
2013-12-20,769
2013-12-21,2284
2013-12-22,2742
2013-12-23,1632
2013-12-24,1752
2013-12-25,6543
2013-12-26,1379
2013-12-27,885
2013-12-28,1755
2013-12-29,2668
2013-12-30,2134
2013-12-31,2584
2014-01-01,6654
2014-01-02,2754
2014-01-03,3038
2014-01-04,7599
2014-01-05,7581
2014-01-06,2178
2014-01-07,2235
2014-01-08,2037
2014-01-09,883
2014-01-10,917
2014-01-11,4376
2014-01-12,5030
2014-01-13,1059
2014-01-14,1471
2014-01-15,2030
2014-01-16,3314
2014-01-17,1668
2014-01-18,5417
2014-01-19,4804
2014-01-20,948
2014-01-21,886
2014-01-22,1388
2014-01-23,2123
2014-01-24,1901
2014-01-25,1811
2014-01-26,5851
2014-01-27,1706
2014-01-28,1600
2014-01-29,1890
2014-01-30,0
2014-01-31,0
2014-02-01,0
2014-02-02,0
2014-02-03,0
2014-02-04,0
2014-02-05,0
2014-02-06,0
2014-02-07,0
2014-02-08,0
2014-02-09,0
2014-02-10,0
2014-02-11,0
2014-02-12,0
2014-02-13,0
2014-02-14,0
2014-02-15,0
2014-02-16,0
2014-02-17,0
2014-02-18,0
2014-02-19,0
2014-02-20,0
2014-02-21,0
2014-02-22,0
2014-02-23,0
2014-02-24,0
2014-02-25,0
2014-02-26,0
2014-02-27,0
2014-02-28,0
2014-03-01,0
2014-03-02,0
2014-03-03,11
2014-03-04,22449
2014-03-05,1636
2014-03-06,1048
2014-03-07,3902
2014-03-08,11588
2014-03-09,8036
2014-03-10,2156
2014-03-11,2219
2014-03-12,1205
2014-03-13,447
2014-03-14,2
2014-03-15,384
2014-03-16,427
2014-03-17,64
2014-03-18,141
2014-03-19,116
2014-03-20,104
2014-03-21,259
2014-03-22,766
2014-03-23,407
2014-03-24,82
2014-03-25,163
2014-03-26,199
2014-03-27,157
2014-03-28,329
2014-03-29,530
2014-03-30,579
2014-03-31,225
2014-04-01,452
2014-04-02,293
2014-04-03,171
2014-04-04,5775
2014-04-05,26097
2014-04-06,36687
2014-04-07,7518
2014-04-08,8080
2014-04-09,6620
2014-04-10,7404
2014-04-11,11169
2014-04-12,32997
2014-04-13,39315
2014-04-14,14664
2014-04-15,8414
2014-04-16,5675
2014-04-17,5423
2014-04-18,9842
2014-04-19,27813
2014-04-20,38330
2014-04-21,8482
2014-04-22,7438
2014-04-23,7509
2014-04-24,6777
2014-04-25,9494
2014-04-26,36986
2014-04-27,4323
2014-04-28,802
2014-04-29,2951
2014-04-30,13143
2014-05-01,36848
2014-05-02,17930
2014-05-03,44097
2014-05-04,44462
2014-05-05,86770
2014-05-06,46251
2014-05-07,6151
2014-05-08,6235
2014-05-09,13165
2014-05-10,36756
2014-05-11,19781
2014-05-12,4132
2014-05-13,9550
2014-05-14,9815
2014-05-15,12063
2014-05-16,13702
2014-05-17,38864
2014-05-18,42519
2014-05-19,8341
2014-05-20,8525
2014-05-21,8089
2014-05-22,11061
2014-05-23,11777
2014-05-24,39080
2014-05-25,17356
2014-05-26,8649
2014-05-27,8362
2014-05-28,9655
2014-05-29,8800
2014-05-30,12533
2014-05-31,26309
2014-06-01,26513
2014-06-02,7947
2014-06-03,2343
2014-06-04,33179
2014-06-05,17995
2014-06-06,48316
2014-06-07,37217
2014-06-08,27940
2014-06-09,5719
2014-06-10,5406
2014-06-11,5146
2014-06-12,7083
2014-06-13,8707
2014-06-14,26003
2014-06-15,25859
2014-06-16,5228
2014-06-17,4872
2014-06-18,4610
2014-06-19,6263
2014-06-20,6728
2014-06-21,16362
2014-06-22,18298
2014-06-23,2771
2014-06-24,5481
2014-06-25,5666
2014-06-26,5308
2014-06-27,5204
2014-06-28,16046
2014-06-29,20779
2014-06-30,3666
2014-07-01,3325
2014-07-02,3018
2014-07-03,1531
2014-07-04,3961
2014-07-05,14257
2014-07-06,14693
2014-07-07,6797
2014-07-08,2802
2014-07-09,1894
2014-07-10,3041
2014-07-11,2849
2014-07-12,11598
2014-07-13,12616
2014-07-14,2658
2014-07-15,4069
2014-07-16,3983
2014-07-17,2628
2014-07-18,3315
2014-07-19,9149
2014-07-20,10352
2014-07-21,3845
2014-07-22,3150
2014-07-23,1325
2014-07-24,1349
2014-07-25,1990
2014-07-26,7615
2014-07-27,14494
2014-07-28,6587
2014-07-29,7161
2014-07-30,6018
2014-07-31,8048
2014-08-01,6780
2014-08-02,9968
2014-08-03,6387
2014-08-04,4574
2014-08-05,7607
2014-08-06,4818
2014-08-07,5621
2014-08-08,7925
2014-08-09,16317
2014-08-10,14921
2014-08-11,5850
2014-08-12,5830
2014-08-13,7923
2014-08-14,33271
2014-08-15,30670
2014-08-16,23913
2014-08-17,4832
2014-08-18,2140
2014-08-19,2622
2014-08-20,5133
2014-08-21,758
2014-08-22,8492
2014-08-23,19858
2014-08-24,18676
2014-08-25,2747
2014-08-26,4030
2014-08-27,4630
2014-08-28,3790
2014-08-29,14060
2014-08-30,18793
2014-08-31,19446
2014-09-01,3427
2014-09-02,3637
2014-09-03,790
2014-09-04,2848
2014-09-05,5991
2014-09-06,14285
2014-09-07,13311
2014-09-08,18844
2014-09-09,33343
2014-09-10,26576
2014-09-11,4261
2014-09-12,6435
2014-09-13,22907
2014-09-14,26632
2014-09-15,3810
2014-09-16,4521
2014-09-17,5179
2014-09-18,6253
2014-09-19,7943
2014-09-20,37452
2014-09-21,25998
2014-09-22,8155
2014-09-23,5593
2014-09-24,1514
2014-09-25,8117
2014-09-26,9390
2014-09-27,24567
2014-09-28,26523
2014-09-29,3153
2014-09-30,6476
2014-10-01,8439
2014-10-02,7215
2014-10-03,40706
2014-10-04,36304
2014-10-05,28732
2014-10-06,6959
2014-10-07,10717
2014-10-08,13452
2014-10-09,42384
2014-10-10,20059
2014-10-11,28878
2014-10-12,28080
2014-10-13,6021
2014-10-14,9480
2014-10-15,8632
2014-10-16,9893
2014-10-17,15607
2014-10-18,28470
2014-10-19,27772
2014-10-20,1994
2014-10-21,2444
2014-10-22,8549
2014-10-23,9610
2014-10-24,15869
2014-10-25,30316
2014-10-26,29393
2014-10-27,7099
2014-10-28,8147
2014-10-29,9125
2014-10-30,7763
2014-10-31,6501
2014-11-01,19806
2014-11-02,19121
2014-11-03,5095
2014-11-04,11009
2014-11-05,7080
2014-11-06,5215
2014-11-07,5625
2014-11-08,16249
2014-11-09,23379
2014-11-10,4513
2014-11-11,5054
2014-11-12,2849
2014-11-13,1602
2014-11-14,8610
2014-11-15,9515
2014-11-16,9275
2014-11-17,2264
2014-11-18,2292
2014-11-19,3613
2014-11-20,2255
2014-11-21,2712
2014-11-22,3900
2014-11-23,10011
2014-11-24,1714
2014-11-25,2013
2014-11-26,2017
2014-11-27,2235
2014-11-28,465
2014-11-29,9354
2014-11-30,1567
2014-12-01,713
2014-12-02,686
2014-12-03,793
2014-12-04,850
2014-12-05,2350
2014-12-06,1715
2014-12-07,1992
2014-12-08,877
2014-12-09,1174
2014-12-10,1121
2014-12-11,27029
2014-12-12,896
2014-12-13,1705
2014-12-14,1969
2014-12-15,797
2014-12-16,577
2014-12-17,473
2014-12-18,462
2014-12-19,794
2014-12-20,1566
2014-12-21,1571
2014-12-22,593
2014-12-23,1144
2014-12-24,1322
2014-12-25,3860
2014-12-26,1364
2014-12-27,3655
2014-12-28,3572
2014-12-29,1767
2014-12-30,1706
2014-12-31,1380
2015-01-01,1671
2015-01-02,1331
2015-01-03,3411
2015-01-04,5341
2015-01-05,1636
2015-01-06,1283
2015-01-07,1017
2015-01-08,1644
2015-01-09,1371
2015-01-10,4909
2015-01-11,4538
2015-01-12,1201
2015-01-13,1671
2015-01-14,1755
2015-01-15,3878
2015-01-16,924
2015-01-17,3375
2015-01-18,3679
2015-01-19,1231
2015-01-20,1658
2015-01-21,1711
2015-01-22,1686
2015-01-23,1703
2015-01-24,7529
2015-01-25,2886
2015-01-26,1425
2015-01-27,1525
2015-01-28,1267
2015-01-29,1277
2015-01-30,2963
2015-01-31,3271
2015-02-01,5078
2015-02-02,1684
2015-02-03,1763
2015-02-04,1603
2015-02-05,2008
2015-02-06,1422
2015-02-07,4954
2015-02-08,1354
2015-02-09,595
2015-02-10,1144
2015-02-11,1406
2015-02-12,1206
2015-02-13,1117
2015-02-14,4009
2015-02-15,6663
2015-02-16,441
2015-02-17,968
2015-02-18,2424
2015-02-19,6784
2015-02-20,15685
2015-02-21,1832
2015-02-22,3702
2015-02-23,1357
2015-02-24,2643
2015-02-25,2926
2015-02-26,2179
2015-02-27,1672
2015-02-28,5460
2015-03-01,4152
2015-03-02,1992
2015-03-03,791
2015-03-04,1176
2015-03-05,1244
2015-03-06,2116
2015-03-07,19730
2015-03-08,27056
2015-03-09,1372
2015-03-10,694
2015-03-11,1142
2015-03-12,1683
2015-03-13,2211
2015-03-14,24711
2015-03-15,30652
2015-03-16,3599
2015-03-17,2705
2015-03-18,882
2015-03-19,4060
2015-03-20,4358
2015-03-21,30277
2015-03-22,19846
2015-03-23,2210
2015-03-24,2431
2015-03-25,3565
2015-03-26,3722
2015-03-27,4888
2015-03-28,33902
2015-03-29,20972
2015-03-30,4062
2015-03-31,4729
2015-04-01,4126
2015-04-02,3235
2015-04-03,4870
2015-04-04,29316
2015-04-05,8404
2015-04-06,4621
2015-04-07,3884
2015-04-08,6548
2015-04-09,8487
2015-04-10,14733
2015-04-11,50567
2015-04-12,50032
2015-04-13,6384
2015-04-14,1631
2015-04-15,9463
2015-04-16,4417
2015-04-17,13446
2015-04-18,40571
2015-04-19,2143
2015-04-20,3369
2015-04-21,12361
2015-04-22,8344
2015-04-23,11430
2015-04-24,15382
2015-04-25,36274
2015-04-26,37808
2015-04-27,6852
2015-04-28,17896
2015-04-29,3449
2015-04-30,13694
2015-05-01,39633
2015-05-02,40932
2015-05-03,8687
2015-05-04,33550
2015-05-05,64816
2015-05-06,8200
2015-05-07,9538
2015-05-08,12859
2015-05-09,22082
2015-05-10,25876
2015-05-11,4208
2015-05-12,6350
2015-05-13,12997
2015-05-14,15734
2015-05-15,20509
2015-05-16,27932
2015-05-17,29965
2015-05-18,5944
2015-05-19,6321
2015-05-20,8618
2015-05-21,11501
2015-05-22,19559
2015-05-23,31700
2015-05-24,49308
2015-05-25,43777
2015-05-26,8157
2015-05-27,9471
2015-05-28,11140
2015-05-29,42102
2015-05-30,13212
2015-05-31,27012
2015-06-01,7069
2015-06-02,12109
2015-06-03,4786
2015-06-04,2988
2015-06-05,2030
2015-06-06,9153
2015-06-07,7491
2015-06-08,2745
2015-06-09,3073
2015-06-10,4022
2015-06-11,2194
2015-06-12,3890
2015-06-13,6367
2015-06-14,6875
2015-06-15,2301
2015-06-16,2025
2015-06-17,2391
2015-06-18,2198
2015-06-19,2196
2015-06-20,2108
2015-06-21,10794
2015-06-22,2798
2015-06-23,2632
2015-06-24,2567
2015-06-25,2547
2015-06-26,1154
2015-06-27,10842
2015-06-28,9870
2015-06-29,2384
2015-06-30,1869
2015-07-01,2496
2015-07-02,2844
2015-07-03,3051
2015-07-04,11181
2015-07-05,10995
2015-07-06,2523
2015-07-07,2896
2015-07-08,1908
2015-07-09,2451
2015-07-10,2512
2015-07-11,6162
2015-07-12,1515
2015-07-13,588
2015-07-14,2802
2015-07-15,2276
2015-07-16,2983
2015-07-17,2919
2015-07-18,11353
2015-07-19,10267
2015-07-20,2474
2015-07-21,1779
2015-07-22,1905
2015-07-23,1645
2015-07-24,620
2015-07-25,3197
2015-07-26,8902
2015-07-27,3981
2015-07-28,4442
2015-07-29,2040
2015-07-30,4880
2015-07-31,4309
2015-08-01,8760
2015-08-02,8142
2015-08-03,6248
2015-08-04,5805
2015-08-05,4329
2015-08-06,2976
2015-08-07,3764
2015-08-08,6546
2015-08-09,6863
2015-08-10,2966
2015-08-11,3846
2015-08-12,3268
2015-08-13,3154
2015-08-14,10012
2015-08-15,14373
2015-08-16,8360
2015-08-17,3453
2015-08-18,3160
2015-08-19,3231
2015-08-20,2777
2015-08-21,2750
2015-08-22,12552
2015-08-23,12876
2015-08-24,2709
2015-08-25,849
2015-08-26,21247
2015-08-27,3663
2015-08-28,3772
2015-08-29,18048
2015-08-30,18114
2015-08-31,2840
2015-09-01,4493
2015-09-02,2221
2015-09-03,3210
2015-09-04,4643
2015-09-05,6995
2015-09-06,24444
2015-09-07,3987
2015-09-08,4194
2015-09-09,3907
2015-09-10,4330
2015-09-11,5045
2015-09-12,19126
2015-09-13,30556
2015-09-14,5662
2015-09-15,4060
2015-09-16,5774
2015-09-17,9142
2015-09-18,7614
2015-09-19,27095
2015-09-20,23908
2015-09-21,3583
2015-09-22,7101
2015-09-23,4334
2015-09-24,4609
2015-09-25,5731
2015-09-26,17167
2015-09-27,18676
2015-09-28,38940
2015-09-29,32033
2015-09-30,6080
2015-10-01,2258
2015-10-02,10092
2015-10-03,31422
2015-10-04,25314
2015-10-05,5823
2015-10-06,7979
2015-10-07,8594
2015-10-08,15277
2015-10-09,42654
2015-10-10,11587
2015-10-11,7718
2015-10-12,6075
2015-10-13,11397
2015-10-14,9722
2015-10-15,9856
2015-10-16,16018
2015-10-17,30192
2015-10-18,29020
2015-10-19,8076
2015-10-20,9629
2015-10-21,8669
2015-10-22,7919
2015-10-23,11519
2015-10-24,23061
2015-10-25,36679
2015-10-26,6582
2015-10-27,4415
2015-10-28,8634
2015-10-29,6478
2015-10-30,7001
2015-10-31,15448
2015-11-01,14346
2015-11-02,8672
2015-11-03,9663
2015-11-04,5675
2015-11-05,5107
2015-11-06,5585
2015-11-07,1734
2015-11-08,1543
2015-11-09,1874
2015-11-10,3478
2015-11-11,4069
2015-11-12,5672
2015-11-13,1286
2015-11-14,7078
2015-11-15,20124
2015-11-16,2140
2015-11-17,3120
2015-11-18,1177
2015-11-19,2807
2015-11-20,2425
2015-11-21,13353
2015-11-22,12405
2015-11-23,978
2015-11-24,1714
2015-11-25,1248
2015-11-26,1360
2015-11-27,1377
2015-11-28,2670
2015-11-29,1349
2015-11-30,1380
2015-12-01,1739
2015-12-02,350
2015-12-03,529
2015-12-04,1320
2015-12-05,3757
2015-12-06,4122
2015-12-07,1196
2015-12-08,1630
2015-12-09,1415
2015-12-10,851
2015-12-11,1502
2015-12-12,5994
2015-12-13,8551
2015-12-14,916
2015-12-15,1125
2015-12-16,1034
2015-12-17,830
2015-12-18,703
2015-12-19,3032
2015-12-20,3482
2015-12-21,693
2015-12-22,1512
2015-12-23,1091
2015-12-24,1443
2015-12-25,4675
2015-12-26,3580
2015-12-27,2046
2015-12-28,902
2015-12-29,1190
2015-12-30,22195
2015-12-31,1293
2016-01-01,4382
2016-01-02,7265
2016-01-03,4557
2016-01-04,1690
2016-01-05,1256
2016-01-06,1174
2016-01-07,1044
2016-01-08,926
2016-01-09,2640
2016-01-10,3604
2016-01-11,996
2016-01-12,1642
2016-01-13,1007
2016-01-14,872
2016-01-15,1047
2016-01-16,2997
2016-01-17,3448
2016-01-18,808
2016-01-19,300
2016-01-20,422
2016-01-21,627
2016-01-22,586
2016-01-23,890
2016-01-24,324
2016-01-25,422
2016-01-26,758
2016-01-27,1218
2016-01-28,1146
2016-01-29,1777
2016-01-30,4128
2016-01-31,2584
2016-02-01,3746
2016-02-02,2927
2016-02-03,1130
2016-02-04,1120
2016-02-05,840
2016-02-06,2058
2016-02-07,2128
2016-02-08,3221
2016-02-09,7060
2016-02-10,9949
2016-02-11,3098
2016-02-12,357
2016-02-13,2742
2016-02-14,2042
2016-02-15,696
2016-02-16,994
2016-02-17,1429
2016-02-18,1622
2016-02-19,1630
2016-02-20,6626
2016-02-21,5102
2016-02-22,1398
2016-02-23,1726
2016-02-24,1333
2016-02-25,1538
2016-02-26,2519
2016-02-27,6519
2016-02-28,4970
2016-02-29,1233
2016-03-01,4507
2016-03-02,2146
2016-03-03,1783
2016-03-04,2783
2016-03-05,1405
2016-03-06,11564
2016-03-07,1480
2016-03-08,11521
2016-03-09,1255
2016-03-10,1184
2016-03-11,2305
2016-03-12,7460
2016-03-13,6352
2016-03-14,2385
2016-03-15,2541
2016-03-16,2697
2016-03-17,2529
2016-03-18,2836
2016-03-19,33131
2016-03-20,34360
2016-03-21,3537
2016-03-22,3338
2016-03-23,2787
2016-03-24,2438
2016-03-25,3291
2016-03-26,21748
2016-03-27,30489
2016-03-28,4136
2016-03-29,2248
2016-03-30,4857
2016-03-31,4758
2016-04-01,7537
2016-04-02,37787
2016-04-03,9952
2016-04-04,6813
2016-04-05,7452
2016-04-06,9032
2016-04-07,5013
2016-04-08,11370
2016-04-09,32879
2016-04-10,33139
2016-04-11,11313
2016-04-12,12028
2016-04-13,26405
2016-04-14,7079
2016-04-15,14228
2016-04-16,14154
2016-04-17,14205
2016-04-18,5862
2016-04-19,12051
2016-04-20,6493
2016-04-21,3489
2016-04-22,9794
2016-04-23,14361
2016-04-24,19642
2016-04-25,19979
2016-04-26,11099
2016-04-27,9335
2016-04-28,11151
2016-04-29,15084
2016-04-30,21736
2016-05-01,31290
2016-05-02,7756
2016-05-03,754
2016-05-04,11015
2016-05-05,58688
2016-05-06,8162
2016-05-07,26612
2016-05-08,19719
2016-05-09,6883
2016-05-10,2258
2016-05-11,7812
2016-05-12,17015
2016-05-13,17536
2016-05-14,33879
2016-05-15,14485
2016-05-16,5422
2016-05-17,8423
2016-05-18,7567
2016-05-19,10067
2016-05-20,23976
2016-05-21,24125
2016-05-22,19183
2016-05-23,5807
2016-05-24,4843
2016-05-25,8512
2016-05-26,11009
2016-05-27,13374
2016-05-28,30005
2016-05-29,30541
2016-05-30,6632
2016-05-31,8769
2016-06-01,7844
2016-06-02,11330
2016-06-03,12958
2016-06-04,34000
2016-06-05,42107
2016-06-06,39520
2016-06-07,7422
2016-06-08,6219
2016-06-09,5542
2016-06-10,8090
2016-06-11,15926
2016-06-12,14275
2016-06-13,3902
2016-06-14,3691
2016-06-15,867
2016-06-16,4605
2016-06-17,4522
2016-06-18,14033
2016-06-19,13094
2016-06-20,4436
2016-06-21,2819
2016-06-22,1635
2016-06-23,3688
2016-06-24,1527
2016-06-25,13869
2016-06-26,13373
2016-06-27,3074
2016-06-28,2691
2016-06-29,2462
2016-06-30,2388
2016-07-01,2740
2016-07-02,9211
2016-07-03,10969
2016-07-04,709
2016-07-05,257
2016-07-06,1858
2016-07-07,2088
2016-07-08,3147
2016-07-09,5552
2016-07-10,4758
2016-07-11,1615
2016-07-12,11728
2016-07-13,4083
2016-07-14,2135
2016-07-15,3147
2016-07-16,1012
2016-07-17,9639
2016-07-18,2915
2016-07-19,2358
2016-07-20,1762
2016-07-21,1870
2016-07-22,1439
2016-07-23,4356
2016-07-24,4753
2016-07-25,2073
2016-07-26,1868
2016-07-27,1487
2016-07-28,2450
2016-07-29,5277
2016-07-30,6221
2016-07-31,5344
2016-08-01,4637
2016-08-02,4502
2016-08-03,3120
2016-08-04,1732
2016-08-05,1794
2016-08-06,3119
2016-08-07,2649
2016-08-08,1149
2016-08-09,1249
2016-08-10,1232
2016-08-11,1150
2016-08-12,1246
2016-08-13,3241
2016-08-14,6230
2016-08-15,4341
2016-08-16,1462
2016-08-17,1483
2016-08-18,11404
2016-08-19,5373
2016-08-20,5552
2016-08-21,4465
2016-08-22,1120
2016-08-23,1164
2016-08-24,1367
2016-08-25,1309
2016-08-26,2629
2016-08-27,19107
2016-08-28,18301
2016-08-29,3682
2016-08-30,3409
2016-08-31,20690
2016-09-01,2742
2016-09-02,2909
2016-09-03,20056
2016-09-04,19892
2016-09-05,2854
2016-09-06,2837
2016-09-07,2589
2016-09-08,1735
2016-09-09,8871
2016-09-10,16109
2016-09-11,19596
2016-09-12,2993
2016-09-13,4417
2016-09-14,11915
2016-09-15,18344
2016-09-16,33150
2016-09-17,20041
2016-09-18,21686
2016-09-19,3372
2016-09-20,4472
2016-09-21,3841
2016-09-22,4594
2016-09-23,5740
2016-09-24,23623
2016-09-25,21194
2016-09-26,3730
2016-09-27,1489
2016-09-28,4046
2016-09-29,5611
2016-09-30,7913
2016-10-01,27750
2016-10-02,1866
2016-10-03,30857
2016-10-04,17287
2016-10-05,4928
2016-10-06,8801
2016-10-07,8706
2016-10-08,16569
2016-10-09,23133
2016-10-10,4673
2016-10-11,9443
2016-10-12,5915
2016-10-13,8706
2016-10-14,11918
2016-10-15,23661
2016-10-16,8565
2016-10-17,5132
2016-10-18,8260
2016-10-19,8715
2016-10-20,8113
2016-10-21,11320
2016-10-22,28381
2016-10-23,14517
2016-10-24,8414
2016-10-25,2602
2016-10-26,6919
2016-10-27,7328
2016-10-28,6568
2016-10-29,15404
2016-10-30,17747
2016-10-31,2102
2016-11-01,2328
2016-11-02,7536
2016-11-03,3293
2016-11-04,4865
2016-11-05,14457
2016-11-06,19587
2016-11-07,5756
2016-11-08,2586
2016-11-09,2640
2016-11-10,1942
2016-11-11,3721
2016-11-12,13967
2016-11-13,13489
2016-11-14,1826
2016-11-15,2217
2016-11-16,2038
2016-11-17,3501
2016-11-18,2362
2016-11-19,9994
2016-11-20,24431
2016-11-21,2242
2016-11-22,1435
2016-11-23,1029
2016-11-24,886
2016-11-25,1827
2016-11-26,2339
2016-11-27,3841
2016-11-28,1186
2016-11-29,1252
2016-11-30,986
2016-12-01,1492
2016-12-02,1244
2016-12-03,5734
2016-12-04,4379
2016-12-05,958
2016-12-06,1010
2016-12-07,1315
2016-12-08,1099
2016-12-09,1250
2016-12-10,2411
2016-12-11,3247
2016-12-12,1063
2016-12-13,1327
2016-12-14,936
2016-12-15,704
2016-12-16,569
2016-12-17,2415
2016-12-18,0
2016-12-19,0
2016-12-20,0
2016-12-21,0
2016-12-22,0
2016-12-23,0
2016-12-24,0
2016-12-25,0
2016-12-26,0
2016-12-27,0
2016-12-28,0
2016-12-29,0
2016-12-30,0
2016-12-31,0
2017-01-01,0
2017-01-02,0
2017-01-03,0
2017-01-04,0
2017-01-05,0
2017-01-06,0
2017-01-07,0
2017-01-08,0
2017-01-09,0
2017-01-10,0
2017-01-11,0
2017-01-12,0
2017-01-13,0
2017-01-14,0
2017-01-15,0
2017-01-16,0
2017-01-17,0
2017-01-18,0
2017-01-19,0
2017-01-20,0
2017-01-21,0
2017-01-22,0
2017-01-23,0
2017-01-24,0
2017-01-25,0
2017-01-26,0
2017-01-27,0
2017-01-28,0
2017-01-29,0
2017-01-30,0
2017-01-31,0
2017-02-01,0
2017-02-02,0
2017-02-03,0
2017-02-04,0
2017-02-05,0
2017-02-06,0
2017-02-07,0
2017-02-08,0
2017-02-09,0
2017-02-10,0
2017-02-11,0
2017-02-12,0
2017-02-13,0
2017-02-14,0
2017-02-15,0
2017-02-16,0
2017-02-17,0
2017-02-18,0
2017-02-19,0
2017-02-20,0
2017-02-21,0
2017-02-22,0
2017-02-23,0
2017-02-24,0
2017-02-25,0
2017-02-26,0
2017-02-27,0
2017-02-28,0
2017-03-01,0
2017-03-02,0
2017-03-03,0
2017-03-04,0
2017-03-05,0
2017-03-06,0
2017-03-07,0
2017-03-08,0
2017-03-09,0
2017-03-10,0
2017-03-11,0
2017-03-12,0
2017-03-13,0
2017-03-14,0
2017-03-15,0
2017-03-16,0
2017-03-17,0
2017-03-18,0
2017-03-19,0
2017-03-20,0
2017-03-21,0
2017-03-22,0
2017-03-23,0
2017-03-24,0
2017-03-25,0
2017-03-26,0
2017-03-27,0
2017-03-28,2
2017-03-29,7
2017-03-30,2417
2017-03-31,1319
2017-04-01,17120
2017-04-02,32539
2017-04-03,3045
2017-04-04,3624
2017-04-05,1075
2017-04-06,1610
2017-04-07,6303
2017-04-08,40997
2017-04-09,39500
2017-04-10,7608
2017-04-11,7066
2017-04-12,7594
2017-04-13,7754
2017-04-14,3073
2017-04-15,31859
2017-04-16,37292
2017-04-17,2056
2017-04-18,2881
2017-04-19,17954
2017-04-20,3459
2017-04-21,7296
2017-04-22,30918
2017-04-23,40266
2017-04-24,6063
2017-04-25,5697
2017-04-26,7383
2017-04-27,7667
2017-04-28,9566
2017-04-29,21556
2017-04-30,26801
2017-05-01,23315
2017-05-02,13962
2017-05-03,31074
2017-05-04,25356
2017-05-05,46572
2017-05-06,10132
2017-05-07,7764
2017-05-08,3905
2017-05-09,4025
2017-05-10,4596
2017-05-11,5835
2017-05-12,18870
2017-05-13,7932
2017-05-14,31525
2017-05-15,6445
2017-05-16,6263
2017-05-17,6553
2017-05-18,8497
2017-05-19,12343
2017-05-20,23045
2017-05-21,24850
2017-05-22,4899
2017-05-23,5406
2017-05-24,6375
2017-05-25,7881
2017-05-26,12741
2017-05-27,33994
2017-05-28,39454
2017-05-29,7383
2017-05-30,8859
2017-05-31,6935
2017-06-01,9236
2017-06-02,10985
2017-06-03,33394
2017-06-04,36524
2017-06-05,18672
2017-06-06,22679
2017-06-07,1885
2017-06-08,23454
2017-06-09,15580
2017-06-10,21649
2017-06-11,23646
2017-06-12,3640
2017-06-13,3957
2017-06-14,4178
2017-06-15,7032
2017-06-16,3341
2017-06-17,10298
2017-06-18,8756
2017-06-19,2177
2017-06-20,2559
2017-06-21,2228
2017-06-22,12977
2017-06-23,2157
2017-06-24,6264
2017-06-25,6235
2017-06-26,1284
2017-06-27,2268
2017-06-28,2148
2017-06-29,2150
2017-06-30,2139
2017-07-01,7864
2017-07-02,1474
2017-07-03,814
2017-07-04,1752
2017-07-05,1378
2017-07-06,1280
2017-07-07,880
2017-07-08,1738
2017-07-09,3515
2017-07-10,344
2017-07-11,1505
2017-07-12,1619
2017-07-13,1204
2017-07-14,1386
2017-07-15,1979
2017-07-16,4628
2017-07-17,1193
2017-07-18,1492
2017-07-19,1201
2017-07-20,971
2017-07-21,1107
2017-07-22,2578
2017-07-23,706
2017-07-24,724
2017-07-25,1345
2017-07-26,1317
2017-07-27,10935
2017-07-28,795
2017-07-29,5868
2017-07-30,5904
2017-07-31,1798
2017-08-01,4020
2017-08-02,2004
2017-08-03,2013
2017-08-04,2190
2017-08-05,2812
2017-08-06,2402
2017-08-07,1267
2017-08-08,1562
2017-08-09,1645
2017-08-10,969
2017-08-11,1923
2017-08-12,6442
2017-08-13,10543
2017-08-14,1899
2017-08-15,838
2017-08-16,2034
2017-08-17,1916
2017-08-18,2816
2017-08-19,10759
2017-08-20,1478
2017-08-21,4418
2017-08-22,2452
2017-08-23,736
2017-08-24,583
2017-08-25,2300
2017-08-26,14543
2017-08-27,16895
2017-08-28,1487
2017-08-29,3466
2017-08-30,2868
2017-08-31,3237
2017-09-01,3450
2017-09-02,23376
2017-09-03,24081
2017-09-04,2974
2017-09-05,2219
2017-09-06,1810
2017-09-07,4479
2017-09-08,4182
2017-09-09,17366
2017-09-10,16634
2017-09-11,10969
2017-09-12,3821
2017-09-13,3885
2017-09-14,3023
2017-09-15,5730
2017-09-16,20957
2017-09-17,21809
2017-09-18,4204
2017-09-19,2329
2017-09-20,6158
2017-09-21,4822
2017-09-22,7309
2017-09-23,17561
2017-09-24,14583
2017-09-25,2528
2017-09-26,3596
2017-09-27,2501
2017-09-28,4034
2017-09-29,6566
2017-09-30,12744
2017-10-01,6466
2017-10-02,21480
2017-10-03,16708
2017-10-04,19807
2017-10-05,32926
2017-10-06,21127
2017-10-07,32270
2017-10-08,29360
2017-10-09,21209
2017-10-10,2310
2017-10-11,2116
2017-10-12,3957
2017-10-13,6423
2017-10-14,17049
2017-10-15,19678
2017-10-16,6730
2017-10-17,14055
2017-10-18,5030
2017-10-19,5939
2017-10-20,10398
2017-10-21,22746
2017-10-22,25137
2017-10-23,4553
2017-10-24,19472
2017-10-25,4660
2017-10-26,5141
2017-10-27,8469
2017-10-28,26958
2017-10-29,19618
2017-10-30,3359
2017-10-31,5796
2017-11-01,3393
2017-11-02,2703
2017-11-03,3182
2017-11-04,12132
2017-11-05,12814
2017-11-06,3362
2017-11-07,3520
2017-11-08,2678
2017-11-09,3103
2017-11-10,2371
2017-11-11,8042
2017-11-12,9328
2017-11-13,1614
2017-11-14,2015
2017-11-15,1417
2017-11-16,1260
2017-11-17,1402
2017-11-18,2787
2017-11-19,1947
2017-11-20,870
2017-11-21,1588
2017-11-22,1056
2017-11-23,1939
2017-11-24,753
2017-11-25,1390
2017-11-26,2515
2017-11-27,1073
2017-11-28,1163
2017-11-29,804
2017-11-30,11328
2017-12-01,728
2017-12-02,2177
2017-12-03,2001
2017-12-04,724
2017-12-05,632
2017-12-06,728
2017-12-07,917
2017-12-08,650
2017-12-09,1802
2017-12-10,1030
2017-12-11,485
2017-12-12,326
2017-12-13,472
2017-12-14,765
2017-12-15,633
2017-12-16,1211
2017-12-17,1010
2017-12-18,421
2017-12-19,668
2017-12-20,2985
2017-12-21,659
2017-12-22,805
2017-12-23,1930
2017-12-24,406
2017-12-25,2042
2017-12-26,784
2017-12-27,492
2017-12-28,785
2017-12-29,872
2017-12-30,1539
2017-12-31,1893
2018-01-01,2336
2018-01-02,999
2018-01-03,696
2018-01-04,678
2018-01-05,762
2018-01-06,1947
2018-01-07,1891
2018-01-08,640
2018-01-09,529
2018-01-10,385
2018-01-11,312
2018-01-12,235
2018-01-13,1016
2018-01-14,1655
2018-01-15,652
2018-01-16,703
2018-01-17,638
2018-01-18,1503
2018-01-19,926
2018-01-20,2084
2018-01-21,2132
2018-01-22,855
2018-01-23,366
2018-01-24,128
2018-01-25,162
2018-01-26,222
2018-01-27,660
2018-01-28,969
2018-01-29,412
2018-01-30,9661
2018-01-31,591
2018-02-01,681
2018-02-02,709
2018-02-03,1054
2018-02-04,790
2018-02-05,355
2018-02-06,375
2018-02-07,420
2018-02-08,725
2018-02-09,658
2018-02-10,1869
2018-02-11,1162
2018-02-12,508
2018-02-13,734
2018-02-14,819
2018-02-15,1797
2018-02-16,3130
2018-02-17,3625
2018-02-18,3414
2018-02-19,1572
2018-02-20,1246
2018-02-21,1170
2018-02-22,1356
2018-02-23,1083
2018-02-24,3378
2018-02-25,6156
2018-02-26,2260
2018-02-27,1522
2018-02-28,629
2018-03-01,3302
2018-03-02,1512
2018-03-03,14569
2018-03-04,3645
2018-03-05,1050
2018-03-06,1764
2018-03-07,1444
2018-03-08,608
2018-03-09,1381
2018-03-10,10762
2018-03-11,14518
2018-03-12,1571
2018-03-13,1838
2018-03-14,3043
2018-03-15,391
2018-03-16,2122
2018-03-17,21733
2018-03-18,11373
2018-03-19,789
2018-03-20,1243
2018-03-21,2186
2018-03-22,1581
2018-03-23,1931
2018-03-24,8447
2018-03-25,7391
2018-03-26,1240
2018-03-27,1310
2018-03-28,1839
2018-03-29,1608
2018-03-30,3700
2018-03-31,24659
2018-04-01,15199
2018-04-02,2791
2018-04-03,3722
2018-04-04,2591
2018-04-05,995
2018-04-06,3935
2018-04-07,12785
2018-04-08,12752
2018-04-09,5800
2018-04-10,7269
2018-04-11,4218
2018-04-12,7277
2018-04-13,8718
2018-04-14,2105
2018-04-15,21427
2018-04-16,5495
2018-04-17,5177
2018-04-18,5664
2018-04-19,5079
2018-04-20,5374
2018-04-21,32710
2018-04-22,7720
2018-04-23,288
2018-04-24,4362
2018-04-25,8668
2018-04-26,15871
2018-04-27,14363
2018-04-28,22985
2018-04-29,29888
2018-04-30,15119
2018-05-01,22381
2018-05-02,1356
2018-05-03,9115
2018-05-04,11421
2018-05-05,52414
2018-05-06,3376
2018-05-07,32912
2018-05-08,5736
2018-05-09,5909
2018-05-10,6779
2018-05-11,9835
2018-05-12,1361
2018-05-13,23235
2018-05-14,4114
2018-05-15,4839
2018-05-16,899
2018-05-17,1312
2018-05-18,5501
2018-05-19,33710
2018-05-20,30619
2018-05-21,19330
2018-05-22,28541
2018-05-23,6331
2018-05-24,6448
2018-05-25,8503
2018-05-26,27805
2018-05-27,32430
2018-05-28,27295
2018-05-29,8757
2018-05-30,7342
2018-05-31,26334
2018-06-01,10022
2018-06-02,26445
2018-06-03,25909
2018-06-04,5991
2018-06-05,9082
2018-06-06,30074
2018-06-07,6199
2018-06-08,7217
2018-06-09,18094
2018-06-10,19413
2018-06-11,3645
2018-06-12,5568
2018-06-13,18099
2018-06-14,1782
2018-06-15,4381
2018-06-16,15226
2018-06-17,12319
2018-06-18,2443
2018-06-19,3811
2018-06-20,3240
2018-06-21,2905
2018-06-22,16046
2018-06-23,8894
2018-06-24,6649
2018-06-25,2331
2018-06-26,13768
2018-06-27,2005
2018-06-28,1979
2018-06-29,8115
2018-06-30,3624
2018-07-01,413
2018-07-02,341
2018-07-03,1794
2018-07-04,1591
2018-07-05,1309
2018-07-06,2443
2018-07-07,11213
2018-07-08,12260
2018-07-09,584
2018-07-10,1630
2018-07-11,1424
2018-07-12,2538
2018-07-13,1368
2018-07-14,3980
2018-07-15,3050
2018-07-16,873
2018-07-17,1159
2018-07-18,14718
2018-07-19,928
2018-07-20,768
2018-07-21,1557
2018-07-22,1292
2018-07-23,612
2018-07-24,529
2018-07-25,657
2018-07-26,722
2018-07-27,1856
2018-07-28,1441
2018-07-29,1659
2018-07-30,944
2018-07-31,1349
2018-08-01,613
2018-08-02,824
2018-08-03,757
2018-08-04,1626
2018-08-05,1703
2018-08-06,833
2018-08-07,843
2018-08-08,736
2018-08-09,1079
2018-08-10,743
2018-08-11,2098
2018-08-12,3140
2018-08-13,881
2018-08-14,945
2018-08-15,1808
2018-08-16,761
2018-08-17,1699
2018-08-18,7899
2018-08-19,7385
2018-08-20,1330
2018-08-21,1199
2018-08-22,1513
2018-08-23,538
2018-08-24,491
2018-08-25,10283
2018-08-26,5467
2018-08-27,560
2018-08-28,649
2018-08-29,4352
2018-08-30,1081
2018-08-31,2377
2018-09-01,15225
2018-09-02,15571
2018-09-03,693
2018-09-04,2221
2018-09-05,2932
2018-09-06,2396
2018-09-07,3492
2018-09-08,22134
2018-09-09,23277
2018-09-10,3343
2018-09-11,3560
2018-09-12,3044
2018-09-13,3203
2018-09-14,3135
2018-09-15,10695
2018-09-16,9068
2018-09-17,3030
2018-09-18,3332
2018-09-19,7349
2018-09-20,1700
2018-09-21,744
2018-09-22,14361
2018-09-23,13248
2018-09-24,19668
2018-09-25,29706
2018-09-26,21185
2018-09-27,5170
2018-09-28,5922
2018-09-29,22374
2018-09-30,19909
2018-10-01,3217
2018-10-02,4876
2018-10-03,27531
2018-10-04,4174
2018-10-05,1429
2018-10-06,1362
2018-10-07,22118
2018-10-08,11637
2018-10-09,27529
2018-10-10,3387
2018-10-11,5084
2018-10-12,8315
2018-10-13,16659
2018-10-14,17793
2018-10-15,7598
2018-10-16,4875
2018-10-17,5929
2018-10-18,5157
2018-10-19,11392
2018-10-20,22553
2018-10-21,21435
2018-10-22,4487
2018-10-23,2406
2018-10-24,5253
2018-10-25,6667
2018-10-26,14290
2018-10-27,21614
2018-10-28,4930
2018-10-29,3347
2018-10-30,3787
2018-10-31,5754
2018-11-01,3938
2018-11-02,5172
2018-11-03,16702
2018-11-04,15942
2018-11-05,2789
2018-11-06,2119
2018-11-07,1324
2018-11-08,578
2018-11-09,2938
2018-11-10,6276
2018-11-11,5210
2018-11-12,2329
2018-11-13,2249
2018-11-14,2226
2018-11-15,1920
2018-11-16,1631
2018-11-17,6684
2018-11-18,6419
2018-11-19,1390
2018-11-20,1440
2018-11-21,895
2018-11-22,4978
2018-11-23,1218
2018-11-24,1414
2018-11-25,3724
2018-11-26,1180
2018-11-27,927
2018-11-28,896
2018-11-29,8480
2018-11-30,1002
2018-12-01,4028
2018-12-02,3394
2018-12-03,356
2018-12-04,612
2018-12-05,824
2018-12-06,878
2018-12-07,449
2018-12-08,813
2018-12-09,813
2018-12-10,557
2018-12-11,997
2018-12-12,2092
2018-12-13,856
2018-12-14,459
2018-12-15,1392
2018-12-16,1141
2018-12-17,663
2018-12-18,872
2018-12-19,809
2018-12-20,882
2018-12-21,1630
2018-12-22,1993
2018-12-23,2968
2018-12-24,991
2018-12-25,2416
2018-12-26,763
2018-12-27,3948
2018-12-28,364
2018-12-29,747
2018-12-30,933
2018-12-31,842
2019-01-01,1551
2019-01-02,639
2019-01-03,785
2019-01-04,691
2019-01-05,1609
2019-01-06,2065
2019-01-07,786
2019-01-08,806
2019-01-09,532
2019-01-10,847
2019-01-11,828
2019-01-12,1857
2019-01-13,1708
2019-01-14,435
2019-01-15,495
2019-01-16,680
2019-01-17,1224
2019-01-18,813
2019-01-19,1748
2019-01-20,2071
2019-01-21,734
2019-01-22,990
2019-01-23,761
2019-01-24,1012
2019-01-25,890
2019-01-26,2028
2019-01-27,2407
2019-01-28,706
2019-01-29,949
2019-01-30,721
2019-01-31,1629
2019-02-01,633
2019-02-02,1645
2019-02-03,405
2019-02-04,2589
2019-02-05,3955
2019-02-06,4087
2019-02-07,1000
2019-02-08,776
2019-02-09,1781
2019-02-10,1674
2019-02-11,736
2019-02-12,1056
2019-02-13,923
2019-02-14,1303
2019-02-15,587
2019-02-16,1900
2019-02-17,2859
2019-02-18,1101
2019-02-19,517
2019-02-20,836
2019-02-21,1003
2019-02-22,1009
2019-02-23,4099
2019-02-24,7525
2019-02-25,1442
2019-02-26,2292
2019-02-27,2606
2019-02-28,2136
2019-03-01,6275
2019-03-02,5519
2019-03-03,4403
2019-03-04,823
2019-03-05,657
2019-03-06,514
2019-03-07,1198
2019-03-08,1631
2019-03-09,17859
2019-03-10,9275
2019-03-11,1030
2019-03-12,1332
2019-03-13,1064
2019-03-14,1361
2019-03-15,971
2019-03-16,8756
2019-03-17,15743
2019-03-18,1961
2019-03-19,2078
2019-03-20,759
2019-03-21,1150
2019-03-22,1495
2019-03-23,3583
2019-03-24,12824
2019-03-25,1540
2019-03-26,1759
2019-03-27,1127
2019-03-28,1682
2019-03-29,2877
2019-03-30,2466
2019-03-31,4444
2019-04-01,1876
2019-04-02,2081
2019-04-03,3957
2019-04-04,3060
2019-04-05,4100
2019-04-06,11272
2019-04-07,31924
2019-04-08,5501
2019-04-09,3029
2019-04-10,2124
2019-04-11,8577
2019-04-12,9296
2019-04-13,39200
2019-04-14,5017
2019-04-15,6556
2019-04-16,6982
2019-04-17,6040
2019-04-18,4791
2019-04-19,6494
2019-04-20,29419
2019-04-21,19874
2019-04-22,4445
2019-04-23,3905
2019-04-24,3475
2019-04-25,6869
2019-04-26,3550
2019-04-27,23777
2019-04-28,17964
2019-04-29,3283
2019-04-30,6833
2019-05-01,27480
2019-05-02,8130
2019-05-03,10742
2019-05-04,18519
2019-05-05,44408
2019-05-06,33023
2019-05-07,5687
2019-05-08,4727
2019-05-09,6725
2019-05-10,8854
2019-05-11,18246
2019-05-12,18523
2019-05-13,4347
2019-05-14,7682
2019-05-15,7247
2019-05-16,6353
2019-05-17,10098
2019-05-18,17429
2019-05-19,3819
2019-05-20,4919
2019-05-21,8674
2019-05-22,7272
2019-05-23,7213
2019-05-24,8406
2019-05-25,24393
2019-05-26,26728
2019-05-27,2315
2019-05-28,10525
2019-05-29,9179
2019-05-30,20503
2019-05-31,9912
2019-06-01,27447
2019-06-02,26532
2019-06-03,7139
2019-06-04,7611
2019-06-05,8058
2019-06-06,23045
2019-06-07,3695
2019-06-08,28258
2019-06-09,16608
2019-06-10,4156
2019-06-11,5816
2019-06-12,5875
2019-06-13,4444
2019-06-14,4524
2019-06-15,14007
2019-06-16,15763
2019-06-17,4230
2019-06-18,3168
2019-06-19,3295
2019-06-20,4354
2019-06-21,3540
2019-06-22,13684
2019-06-23,12372
2019-06-24,4004
2019-06-25,3121
2019-06-26,3037
2019-06-27,2670
2019-06-28,18209
2019-06-29,5826
2019-06-30,10505
2019-07-01,2643
2019-07-02,2693
2019-07-03,2163
2019-07-04,2288
2019-07-05,1961
2019-07-06,4264
2019-07-07,4724
2019-07-08,2057
2019-07-09,2395
2019-07-10,2029
2019-07-11,1717
2019-07-12,2687
2019-07-13,7831
2019-07-14,6881
2019-07-15,1677
2019-07-16,2301
2019-07-17,1956
2019-07-18,3260
2019-07-19,1972
2019-07-20,3085
2019-07-21,3529
2019-07-22,2046
2019-07-23,1987
2019-07-24,1382
2019-07-25,1247
2019-07-26,13321
2019-07-27,3451
2019-07-28,1761
2019-07-29,3538
2019-07-30,2847
2019-07-31,1341
2019-08-01,3820
2019-08-02,3668
2019-08-03,3467
2019-08-04,3250
2019-08-05,1835
2019-08-06,7986
2019-08-07,1979
2019-08-08,2032
2019-08-09,1668
2019-08-10,2567
2019-08-11,3439
2019-08-12,1210
2019-08-13,1967
2019-08-14,1654
2019-08-15,1902
2019-08-16,4369
2019-08-17,6212
2019-08-18,8452
2019-08-19,2636
2019-08-20,2212
2019-08-21,2110
2019-08-22,1972
2019-08-23,2645
2019-08-24,11566
2019-08-25,11789
2019-08-26,2603
2019-08-27,2493
2019-08-28,2461
2019-08-29,5980
2019-08-30,3086
2019-08-31,16210
2019-09-01,15539
2019-09-02,3111
2019-09-03,2907
2019-09-04,1577
2019-09-05,1881
2019-09-06,2115
2019-09-07,0
2019-09-08,7150
2019-09-09,2042
2019-09-10,2104
2019-09-11,2887
2019-09-12,6577
2019-09-13,20939
2019-09-14,17237
2019-09-15,15303
2019-09-16,4299
2019-09-17,3728
2019-09-18,4289
2019-09-19,4548
2019-09-20,5680
2019-09-21,11244
2019-09-22,2243
2019-09-23,4116
2019-09-24,5253
2019-09-25,5065
2019-09-26,12240
2019-09-27,5741
2019-09-28,23754
2019-09-29,20082
2019-09-30,5215
2019-10-01,4118
2019-10-02,2873
2019-10-03,15959
2019-10-04,12504
2019-10-05,16990
2019-10-06,20218
2019-10-07,1075
2019-10-08,7387
2019-10-09,26155
2019-10-10,4774
2019-10-11,7066
2019-10-12,18687
2019-10-13,19074
2019-10-14,4043
2019-10-15,5450
2019-10-16,5247
2019-10-17,7714
2019-10-18,9367
2019-10-19,19788
2019-10-20,16776
2019-10-21,4757
2019-10-22,5142
2019-10-23,6162
2019-10-24,4963
2019-10-25,8755
2019-10-26,18231
2019-10-27,17314
2019-10-28,3940
2019-10-29,4413
2019-10-30,13567
2019-10-31,4636
2019-11-01,3899
2019-11-02,14467
2019-11-03,12389
2019-11-04,4418
2019-11-05,3885
2019-11-06,3527
2019-11-07,4014
2019-11-08,5033
2019-11-09,12826
2019-11-10,9747
2019-11-11,2685
2019-11-12,3308
2019-11-13,1521
2019-11-14,4331
2019-11-15,1059
2019-11-16,6680
2019-11-17,1503
2019-11-18,1334
2019-11-19,3425
2019-11-20,1471
2019-11-21,1601
2019-11-22,2141
2019-11-23,8282
2019-11-24,4190
2019-11-25,1363
2019-11-26,1818
2019-11-27,1664
2019-11-28,1482
2019-11-29,18573
2019-11-30,4168
2019-12-01,1038
2019-12-02,1015
2019-12-03,898
2019-12-04,992
2019-12-05,907
2019-12-06,609
2019-12-07,1528
2019-12-08,2324
2019-12-09,823
2019-12-10,910
2019-12-11,847
2019-12-12,1355
2019-12-13,951
2019-12-14,2384
2019-12-15,3689
2019-12-16,1286
2019-12-17,675
2019-12-18,1780
2019-12-19,981
2019-12-20,927
2019-12-21,1863
2019-12-22,2169
2019-12-23,901
2019-12-24,1161
2019-12-25,3060
2019-12-26,750
2019-12-27,1504
2019-12-28,2312
2019-12-29,7115
2019-12-30,1065
2019-12-31,750
2020-01-01,1625
2020-01-02,1252
2020-01-03,1198
2020-01-04,2445
2020-01-05,3107
2020-01-06,852
2020-01-07,667
2020-01-08,1008
2020-01-09,1668
2020-01-10,1172
2020-01-11,2347
2020-01-12,2566
2020-01-13,1118
2020-01-14,1281
2020-01-15,1243
2020-01-16,1148
2020-01-17,1060
2020-01-18,2811
2020-01-19,1925
2020-01-20,1147
2020-01-21,1149
2020-01-22,1166
2020-01-23,1195
2020-01-24,2427
2020-01-25,4186
2020-01-26,4983
2020-01-27,2622
2020-01-28,1311
2020-01-29,1143
2020-01-30,2399
2020-01-31,1014
2020-02-01,1339
2020-02-02,1230
2020-02-03,609
2020-02-04,568
2020-02-05,389
2020-02-06,431
2020-02-07,503
2020-02-08,1401
2020-02-09,1572
2020-02-10,848
2020-02-11,1075
2020-02-12,366
2020-02-13,809
2020-02-14,1137
2020-02-15,3314
2020-02-16,753
2020-02-17,466
2020-02-18,718
2020-02-19,910
2020-02-20,970
2020-02-21,653
2020-02-22,879
2020-02-23,1802
2020-02-24,607
2020-02-25,165
2020-02-26,1363
2020-02-27,775
2020-02-28,1298
2020-02-29,1472
2020-03-01,1125
2020-03-02,629
2020-03-03,632
2020-03-04,435
2020-03-05,648
2020-03-06,856
2020-03-07,2201
2020-03-08,4647
2020-03-09,983
2020-03-10,197
2020-03-11,1180
2020-03-12,1275
2020-03-13,970
2020-03-14,3632
2020-03-15,2746
2020-03-16,932
2020-03-17,659
2020-03-18,1871
2020-03-19,241
2020-03-20,1632
2020-03-21,5970
2020-03-22,7807
2020-03-23,1877
2020-03-24,2051
2020-03-25,2061
2020-03-26,1281
2020-03-27,1525
2020-03-28,6250
2020-03-29,8885
2020-03-30,2322
2020-03-31,2857
2020-04-01,2428
2020-04-02,3184
2020-04-03,3326
2020-04-04,7922
2020-04-05,7802
2020-04-06,2670
2020-04-07,2542
2020-04-08,2743
2020-04-09,2306
2020-04-10,2676
2020-04-11,6590
2020-04-12,5826
2020-04-13,2513
2020-04-14,3577
2020-04-15,7501
2020-04-16,2757
2020-04-17,331
2020-04-18,10434
2020-04-19,3001
2020-04-20,828
2020-04-21,1148
2020-04-22,608
2020-04-23,3120
2020-04-24,1681
2020-04-25,7966
2020-04-26,12127
2020-04-27,2377
2020-04-28,3089
2020-04-29,4365
2020-04-30,16707
